Ministry,Revenue,Capital,Total,Year
MINISTRY OF AGRICULTURE AND FARMERS' WELFARE,3509.95,383.5,3893.45,2001-02
MINISTRY OF CHEMICALS AND FERTILISERS,14261.77,433.19,14694.96,2001-02
MINISTRY OF CIVIL AVIATION,219.33,58.6,277.93,2001-02
MINISTRY OF COAL AND MINES,439.43,365.07,804.5,2001-02
MINISTRY OF COMMERCE AND INDUSTRY,1617.24,100.62,1717.86,2001-02
MINISTRY OF COMMUNICATIONS,1701.73,96.37,1798.1,2001-02
MINISTRY OF DEFENCE,53147.73,19996.95,73144.68,2001-02
DEPARTMENT OF DISINVESTMENT,4.04,0,4.04,2001-02
"MINISTRY OF ENVIRONMENT, FORESTS AND CLIMATE CHANGE",851.8,59.2,911,2001-02
MINISTRY OF EXTERNAL AFFAIRS,2535.73,347.66,2883.39,2001-02
MINISTRY OF FINANCE,153584.04,163885.22,178593.62,2001-02
"MINISTRY OF CONSUMER AFFAIRS, FOOD AND PUBLIC DISTRIBUTION",13994.4,14020.12,14038.77,2001-02
MINISTRY OF HEALTH AND FAMILY WELFARE,6504.31,1243.8,6752.09,2001-02
MINISTRY OF HOME AFFAIRS,10493.89,11993.42,12443.28,2001-02
MINISTRY OF HUMAN RESOURCE DEVELOPMENT,10128.01,2559.85,10128.43,2001-02
MINISTRY OF HEAVY INDUSTRIES AND PUBLIC ENTERPRISES,177.32,590.5,669.71,2001-02
MINISTRY OF INFORMATION AND BROADCASTING,1290.19,1313.81,1472,2001-02
MINISTRY OF ELECTRONICS AND INFORMATION TECHNOLOGY,346.6,132.8,452.2,2001-02
MINISTRY OF LABOUR AND EMPLOYMENT,1019.82,6.06,1025.88,2001-02
MINISTRY OF LAW AND JUSTICE,515.57,5.8,521.37,2001-02
MINISTRY OF COAL AND MINES,417.33,151.13,568.46,2001-02
MINISTRY OF NEW AND RENEWABLE ENERGY,420.12,167.45,587.57,2001-02
MINISTRY OF PARLIAMENTARY AFFAIRS,4.64,0,4.64,2001-02
"MINISTRY OF PERSONNEL, PUBLIC GRIEVANCES AND PENSIONS",213.02,11.59,224.61,2001-02
MINISTRY OF PETROLEUM AND NATURAL GAS,7.21,0,7.21,2001-02
MINISTRY OF PLANNING,91.52,15,106.52,2001-02
MINISTRY OF POWER,571.71,2770.09,3341.8,2001-02
MINISTRY OF RURAL DEVELOPMENT,12186.83,100,12286.83,2001-02
MINISTRY OF SCIENCE AND TECHNOLOGY,1926.55,47.23,1973.78,2001-02
MINISTRY OF SMALL SCALE INDUSTRIES AND AGRO AND RURAL INDUSTRIES,917.21,23.13,940.34,2001-02
MINISTRY OF STATISTICS AND PROGRAMME IMPLEMENTATION,1817.07,66.59,1883.66,2001-02
MINISTRY OF STEEL,72.41,16,88.41,2001-02
MINISTRY OF ROAD TRANSPORT AND HIGHWAYS,4621.04,3149.54,7770.58,2001-02
MINISTRY OF SHIPPING,549.2,290.65,839.85,2001-02
MINISTRY OF TEXTILES,799.35,510.95,1310.3,2001-02
MINISTRY OF TOURISM AND CULTURE,566.05,45.89,611.94,2001-02
MINISTRY OF TRIBAL AFFAIRS,1014.66,30,1044.66,2001-02
MINISTRY OF HOUSING AND URBAN AFFAIRS,1373.41,911.21,2284.62,2001-02
"MINISTRY OF WATER RESOURCES, RIVER DEVELOPMENT AND GANGA REJUVENATION",678.63,49.74,728.37,2001-02
MINISTRY OF SOCIAL JUSTICE AND EMPOWERMENT,1305.09,100.17,1405.26,2001-02
MINISTRY OF YOUTH AFFAIRS AND SPORTS,313.17,1.83,315,2001-02
DEPARTMENT OF ATOMIC ENERGY,799.97,1979.42,2779.39,2001-02
DEPARTMENT OF OCEAN DEVELOPMENT,166.4,2.4,168.8,2001-02
DEPARTMENT OF SPACE,1608.46,421.54,2030,2001-02
"THE PRESIDENT, PARLIAMENT, UNION PUBLIC SERVICE COMMISSION AND THE SECRETARIAT OF THE VICE-PRESIDENT",250.83,0,250.83,2001-02
UNION TERRITORIES (WITHOUT LEGISLATURE),1531.5,370.34,1901.84,2001-02
MINISTRY OF RAILWAYS,0,3540,3540,2001-02
GRAND TOTAL,310566.28,64656.25,375222.53,2001-02
MINISTRY OF AGRICULTURE AND FARMERS' WELFARE,50903.05,122.95,51026,2017-18
DEPARTMENT OF ATOMIC ENERGY,7264.02,5197.18,12461.2,2017-18
"MINISTRY OF AYURVEDA, YOGA AND NATUROPATHY, UNANI, SIDDHA AND HOMOEOPATHY (AYUSH)",1425.35,3.3,1428.65,2017-18
MINISTRY OF CHEMICALS AND FERTILISERS,70553.74,24.71,70578.45,2017-18
MINISTRY OF CIVIL AVIATION,781.3,1920.7,2702,2017-18
MINISTRY OF COAL AND MINES,745.1,...,745.1,2017-18
MINISTRY OF COMMERCE AND INDUSTRY,7913.8,160.9,8074.7,2017-18
MINISTRY OF COMMUNICATIONS,32356.47,3881,36237.47,2017-18
"MINISTRY OF CONSUMER AFFAIRS, FOOD AND PUBLIC DISTRIBUTION",154162.29,69.4,154231.69,2017-18
MINISTRY OF CORPORATE AFFAIRS,418.54,29.5,448.04,2017-18
MINISTRY OF TOURISM AND CULTURE,2661.79,76.68,2738.47,2017-18
MINISTRY OF DEFENCE,268274.42,91579.7,359854.12,2017-18
MINISTRY OF DEVELOPMENT OF NORTH EASTERN REGION,2084.45,598,2682.45,2017-18
MINISTRY OF DRINKING WATER AND SANITATION,20010.79,...,20010.79,2017-18
MINISTRY OF EARTH SCIENCES,1604.48,115,1719.48,2017-18
MINISTRY OF ELECTRONICS AND INFORMATION TECHNOLOGY,3690,349,4039,2017-18
"MINISTRY OF ENVIRONMENT, FORESTS AND CLIMATE CHANGE",2635.39,40.03,2675.42,2017-18
MINISTRY OF EXTERNAL AFFAIRS,12648.29,2150.26,14798.55,2017-18
MINISTRY OF FINANCE,699102.99,41066,740168.99,2017-18
MINISTRY OF FOOD PROCESSING INDUSTRIES,800,...,800,2017-18
MINISTRY OF HEALTH AND FAMILY WELFARE,45343.7,3508.81,48852.51,2017-18
MINISTRY OF HEAVY INDUSTRIES AND PUBLIC ENTERPRISES,1004.37,1615.01,2619.38,2017-18
MINISTRY OF HOME AFFAIRS,83945.43,13241.74,97187.17,2017-18
MINISTRY OF HOUSING AND URBAN AFFAIRS,6406,...,6406,2017-18
MINISTRY OF HUMAN RESOURCE DEVELOPMENT,79435.95,250,79685.95,2017-18
MINISTRY OF INFORMATION AND BROADCASTING,4379.9,29.1,4409,2017-18
MINISTRY OF LABOUR AND EMPLOYMENT,7165.53,22.85,7188.38,2017-18
MINISTRY OF LAW AND JUSTICE,3432.39,1104.27,4536.66,2017-18
"MINISTRY OF MICRO, SMALL AND MEDIUM ENTERPRISES",6471.36,10.6,6481.96,2017-18
MINISTRY OF COAL AND MINES,1054.65,158.84,1213.49,2017-18
MINISTRY OF MINORITY AFFAIRS,4025.48,170,4195.48,2017-18
MINISTRY OF NEW AND RENEWABLE ENERGY,5432.84,40,5472.84,2017-18
MINISTRY OF PANCHAYATI RAJ,790.79,...,790.79,2017-18
MINISTRY OF PARLIAMENTARY AFFAIRS,17.88,...,17.88,2017-18
"MINISTRY OF PERSONNEL, PUBLIC GRIEVANCES AND PENSIONS",1298.77,151.91,1450.68,2017-18
MINISTRY OF PETROLEUM AND NATURAL GAS,25310.37,3847.2,29157.57,2017-18
MINISTRY OF PLANNING,252.09,0.43,252.52,2017-18
MINISTRY OF POWER,10295.46,3585.68,13881.14,2017-18
"THE PRESIDENT, PARLIAMENT, UNION PUBLIC SERVICE COMMISSION AND THE SECRETARIAT OF THE VICE-PRESIDENT",1352.15,...,1352.15,2017-18
MINISTRY OF RAILWAYS,...,55000,55000,2017-18
MINISTRY OF ROAD TRANSPORT AND HIGHWAYS,10723.17,54176.83,64900,2017-18
MINISTRY OF RURAL DEVELOPMENT,107752.99,5.25,107758.24,2017-18
MINISTRY OF SCIENCE AND TECHNOLOGY,11463.04,22.34,11485.38,2017-18
MINISTRY OF SHIPPING,1388.84,384.16,1773,2017-18
MINISTRY OF SKILL DEVELOPMENT AND ENTREPRENUERSHIP,2766.11,250.03,3016.14,2017-18
MINISTRY OF SOCIAL JUSTICE AND EMPOWERMENT,7412.04,350.96,7763,2017-18
DEPARTMENT OF SPACE,4938.33,4155.38,9093.71,2017-18
MINISTRY OF STATISTICS AND PROGRAMME IMPLEMENTATION,4767.49,28.25,4795.74,2017-18
MINISTRY OF STEEL,44.14,...,44.14,2017-18
MINISTRY OF TEXTILES,6190.98,35.52,6226.5,2017-18
MINISTRY OF TOURISM AND CULTURE,1839.69,1.08,1840.77,2017-18
MINISTRY OF TRIBAL AFFAIRS,5269.32,60,5329.32,2017-18
MINISTRY OF HOUSING AND URBAN AFFAIRS,14879.48,19332.36,34211.84,2017-18
"MINISTRY OF WATER RESOURCES, RIVER DEVELOPMENT AND GANGA REJUVENATION",6102.51,784.49,6887,2017-18
MINISTRY OF WOMEN AND CHILD DEVELOPMENT,22056.02,38.65,22094.67,2017-18
MINISTRY OF YOUTH AFFAIRS AND SPORTS,1888.46,54.75,1943.21,2017-18
GRAND TOTAL,1836933.98,309800.8,2146734.78,2017-18
MINISTRY OF AGRICULTURE AND FARMERS' WELFARE,57442.41,157.59,57600,2018-19
DEPARTMENT OF ATOMIC ENERGY,7834.38,6137.03,13971.41,2018-19
"MINISTRY OF AYURVEDA, YOGA AND NATUROPATHY, UNANI, SIDDHA AND HOMOEOPATHY (AYUSH)",1602.67,23.7,1626.37,2018-19
MINISTRY OF CHEMICALS AND FERTILISERS,70586.47,0.1,70586.57,2018-19
MINISTRY OF CIVIL AVIATION,5881.86,721,6602.86,2018-19
MINISTRY OF COAL AND MINES,770.91,...,770.91,2018-19
MINISTRY OF COMMERCE AND INDUSTRY,10172.26,1219.67,11391.93,2018-19
MINISTRY OF COMMUNICATIONS,33791.19,5760.27,39551.46,2018-19
"MINISTRY OF CONSUMER AFFAIRS, FOOD AND PUBLIC DISTRIBUTION",175471.58,472.69,175944.27,2018-19
MINISTRY OF CORPORATE AFFAIRS,537.65,26.5,564.15,2018-19
MINISTRY OF TOURISM AND CULTURE,2764.28,79.04,2843.32,2018-19
MINISTRY OF DEFENCE,304800.85,99563.86,404364.71,2018-19
MINISTRY OF DEVELOPMENT OF NORTH EASTERN REGION,2326,674,3000,2018-19
MINISTRY OF DRINKING WATER AND SANITATION,22356.6,...,22356.6,2018-19
MINISTRY OF EARTH SCIENCES,1700,100,1800,2018-19
MINISTRY OF ELECTRONICS AND INFORMATION TECHNOLOGY,5675,325,6000,2018-19
"MINISTRY OF ENVIRONMENT, FORESTS AND CLIMATE CHANGE",2586.67,88.75,2675.42,2018-19
MINISTRY OF EXTERNAL AFFAIRS,13374.5,1636.5,15011,2018-19
MINISTRY OF FINANCE,874818.17,19888.65,894706.82,2018-19
MINISTRY OF FOOD PROCESSING INDUSTRIES,1400,...,1400,2018-19
MINISTRY OF HEALTH AND FAMILY WELFARE,51879.6,2720.4,54600,2018-19
MINISTRY OF HEAVY INDUSTRIES AND PUBLIC ENTERPRISES,759.68,386.49,1146.17,2018-19
MINISTRY OF HOME AFFAIRS,94358.06,13214.73,107572.79,2018-19
MINISTRY OF HOUSING AND URBAN AFFAIRS,25349.73,16415.4,41765.13,2018-19
MINISTRY OF HUMAN RESOURCE DEVELOPMENT,82258.29,2752,85010.29,2018-19
MINISTRY OF INFORMATION AND BROADCASTING,4065.58,23.4,4088.98,2018-19
MINISTRY OF LABOUR AND EMPLOYMENT,7677.75,22.25,7700,2018-19
MINISTRY OF LAW AND JUSTICE,3086.05,1819.3,4905.35,2018-19
"MINISTRY OF MICRO, SMALL AND MEDIUM ENTERPRISES",6540.04,12.57,6552.61,2018-19
MINISTRY OF COAL AND MINES,1499.3,170.22,1669.52,2018-19
MINISTRY OF MINORITY AFFAIRS,4534.96,165.04,4700,2018-19
MINISTRY OF NEW AND RENEWABLE ENERGY,5106.23,40.4,5146.63,2018-19
MINISTRY OF PANCHAYATI RAJ,825.17,...,825.17,2018-19
MINISTRY OF PARLIAMENTARY AFFAIRS,18.86,...,18.86,2018-19
"MINISTRY OF PERSONNEL, PUBLIC GRIEVANCES AND PENSIONS",1475.58,84.03,1559.61,2018-19
MINISTRY OF PETROLEUM AND NATURAL GAS,27391.55,3709,31100.55,2018-19
MINISTRY OF PLANNING,338.97,0.68,339.65,2018-19
MINISTRY OF POWER,12835.47,2211.45,15046.92,2018-19
"THE PRESIDENT, PARLIAMENT, UNION PUBLIC SERVICE COMMISSION AND THE SECRETARIAT OF THE VICE-PRESIDENT",1526.14,...,1526.14,2018-19
MINISTRY OF RAILWAYS,2028,53060,55088,2018-19
MINISTRY OF ROAD TRANSPORT AND HIGHWAYS,11559.75,59440.25,71000,2018-19
MINISTRY OF RURAL DEVELOPMENT,114910.07,5.25,114915.32,2018-19
MINISTRY OF SCIENCE AND TECHNOLOGY,12245.78,76.5,12322.28,2018-19
MINISTRY OF SHIPPING,1519.47,361.66,1881.13,2018-19
MINISTRY OF SKILL DEVELOPMENT AND ENTREPRENUERSHIP,3141,259,3400,2018-19
MINISTRY OF SOCIAL JUSTICE AND EMPOWERMENT,8374.12,445.88,8820,2018-19
DEPARTMENT OF SPACE,5496.18,5287.24,10783.42,2018-19
MINISTRY OF STATISTICS AND PROGRAMME IMPLEMENTATION,4844,15,4859,2018-19
MINISTRY OF STEEL,47.9,...,47.9,2018-19
MINISTRY OF TEXTILES,7109.84,37.89,7147.73,2018-19
MINISTRY OF TOURISM AND CULTURE,2149.99,0.01,2150,2018-19
MINISTRY OF TRIBAL AFFAIRS,5935,65,6000,2018-19
"MINISTRY OF WATER RESOURCES, RIVER DEVELOPMENT AND GANGA REJUVENATION",8152.14,707.86,8860,2018-19
MINISTRY OF WOMEN AND CHILD DEVELOPMENT,24699.99,0.01,24700,2018-19
MINISTRY OF YOUTH AFFAIRS AND SPORTS,2138.31,58.04,2196.35,2018-19
GRAND TOTAL,2141772,300441.3,2442213.3,2018-19
MINISTRY OF AGRICULTURE AND FARMERS' WELFARE,140685.25,78.72,140763.97,2019-20
DEPARTMENT OF ATOMIC ENERGY,8618.95,8106.56,16725.51,2019-20
"MINISTRY OF AYURVEDA, YOGA AND NATUROPATHY, UNANI, SIDDHA AND HOMOEOPATHY (AYUSH)",1739.55,0.21,1739.76,2019-20
MINISTRY OF CHEMICALS AND FERTILISERS,75534.05,0.11,75534.16,2019-20
MINISTRY OF CIVIL AVIATION,4474.99,25.01,4500,2019-20
MINISTRY OF COAL AND MINES,822.05,...,822.05,2019-20
MINISTRY OF COMMERCE AND INDUSTRY,10711.11,1182.72,11893.83,2019-20
MINISTRY OF COMMUNICATIONS,32695,5942.46,38637.46,2019-20
"MINISTRY OF CONSUMER AFFAIRS, FOOD AND PUBLIC DISTRIBUTION",193135.09,1377.62,194512.71,2019-20
MINISTRY OF CORPORATE AFFAIRS,502.63,51,553.63,2019-20
MINISTRY OF TOURISM AND CULTURE,2874.31,168.04,3042.35,2019-20
MINISTRY OF DEFENCE,322761.99,108248.8,431010.79,2019-20
MINISTRY OF DEVELOPMENT OF NORTH EASTERN REGION,2325.9,674.1,3000,2019-20
MINISTRY OF DRINKING WATER AND SANITATION,18216.34,...,18216.34,2019-20
MINISTRY OF EARTH SCIENCES,1783.76,118,1901.76,2019-20
MINISTRY OF ELECTRONICS AND INFORMATION TECHNOLOGY,6072,348,6420,2019-20
"MINISTRY OF ENVIRONMENT, FORESTS AND CLIMATE CHANGE",3111.2,64.52,3175.72,2019-20
MINISTRY OF EXTERNAL AFFAIRS,14686.78,1375,16061.78,2019-20
MINISTRY OF FINANCE,998604.31,23121.06,1021725.37,2019-20
MINISTRY OF FOOD PROCESSING INDUSTRIES,1196.6,...,1196.6,2019-20
MINISTRY OF HEALTH AND FAMILY WELFARE,61547.22,1750.9,63298.12,2019-20
MINISTRY OF HEAVY INDUSTRIES AND PUBLIC ENTERPRISES,739.08,445.56,1184.64,2019-20
MINISTRY OF HOME AFFAIRS,105934.82,13034.46,118969.28,2019-20
MINISTRY OF HOUSING AND URBAN AFFAIRS,28487.84,19544.33,48032.17,2019-20
MINISTRY OF HUMAN RESOURCE DEVELOPMENT,91727.64,2120,93847.64,2019-20
MINISTRY OF INFORMATION AND BROADCASTING,4361.67,13.54,4375.21,2019-20
MINISTRY OF LABOUR AND EMPLOYMENT,10403.83,30.26,10434.09,2019-20
MINISTRY OF LAW AND JUSTICE,3451.25,160,3611.25,2019-20
"MINISTRY OF MICRO, SMALL AND MEDIUM ENTERPRISES",6984.27,27.02,7011.29,2019-20
MINISTRY OF COAL AND MINES,1390.37,107.57,1497.94,2019-20
MINISTRY OF MINORITY AFFAIRS,4639.99,60.01,4700,2019-20
MINISTRY OF NEW AND RENEWABLE ENERGY,5209.83,45,5254.83,2019-20
MINISTRY OF PANCHAYATI RAJ,871.37,...,871.37,2019-20
MINISTRY OF PARLIAMENTARY AFFAIRS,19.38,...,19.38,2019-20
"MINISTRY OF PERSONNEL, PUBLIC GRIEVANCES AND PENSIONS",1523.75,141.39,1665.14,2019-20
MINISTRY OF PETROLEUM AND NATURAL GAS,41234.18,1667.31,42901.49,2019-20
MINISTRY OF PLANNING,362.71,0.69,363.4,2019-20
MINISTRY OF POWER,13292.97,2581.85,15874.82,2019-20
"THE PRESIDENT, PARLIAMENT, UNION PUBLIC SERVICE COMMISSION AND THE SECRETARIAT OF THE VICE-PRESIDENT",1579.38,...,1579.38,2019-20
MINISTRY OF RAILWAYS,2181.67,64587,66768.67,2019-20
MINISTRY OF ROAD TRANSPORT AND HIGHWAYS,10990.97,72025,83015.97,2019-20
MINISTRY OF RURAL DEVELOPMENT,119774.43,100,119874.43,2019-20
MINISTRY OF SCIENCE AND TECHNOLOGY,12697.59,99.65,12797.24,2019-20
MINISTRY OF SHIPPING,1635.99,266.57,1902.56,2019-20
MINISTRY OF SKILL DEVELOPMENT AND ENTREPRENUERSHIP,2926.11,63.1,2989.21,2019-20
MINISTRY OF SOCIAL JUSTICE AND EMPOWERMENT,8628.68,316.22,8944.9,2019-20
DEPARTMENT OF SPACE,5874.72,5663.54,11538.26,2019-20
MINISTRY OF STATISTICS AND PROGRAMME IMPLEMENTATION,5216.33,14.73,5231.06,2019-20
MINISTRY OF STEEL,241.29,...,241.29,2019-20
MINISTRY OF TEXTILES,5800.57,30.91,5831.48,2019-20
MINISTRY OF TOURISM AND CULTURE,2189.21,0.01,2189.22,2019-20
MINISTRY OF TRIBAL AFFAIRS,6446.96,80,6526.96,2019-20
"MINISTRY OF WATER RESOURCES, RIVER DEVELOPMENT AND GANGA REJUVENATION",7642.35,398.9,8041.25,2019-20
MINISTRY OF WOMEN AND CHILD DEVELOPMENT,29164.89,0.01,29164.9,2019-20
MINISTRY OF YOUTH AFFAIRS AND SPORTS,2181.9,35.02,2216.92,2019-20
GRAND TOTAL,2447907.07,336292.48,2784199.55,2019-20
MINISTRY OF AGRICULTURE AND FARMERS' WELFARE,24087.78,88.94,24176.72,2011-12
DEPARTMENT OF ATOMIC ENERGY,4860.71,4491.75,9352.46,2011-12
MINISTRY OF CHEMICALS AND FERTILISERS,51017.84,262.16,51280,2011-12
MINISTRY OF CIVIL AVIATION,1000.88,1393,2393.88,2011-12
MINISTRY OF COAL AND MINES,468.72,0,468.72,2011-12
MINISTRY OF COMMERCE AND INDUSTRY,7061.6,938.98,8000.58,2011-12
MINISTRY OF COMMUNICATIONS,14826.58,1723.48,16550.06,2011-12
"MINISTRY OF CONSUMER AFFAIRS, FOOD AND PUBLIC DISTRIBUTION",62084.78,101.79,62186.57,2011-12
MINISTRY OF CORPORATE AFFAIRS,199.94,39,238.94,2011-12
MINISTRY OF TOURISM AND CULTURE,1298,40,1338,2011-12
MINISTRY OF DEFENCE,131691.49,70880.81,202572.3,2011-12
MINISTRY OF DEVELOPMENT OF NORTH EASTERN REGION,1631.58,131,1762.58,2011-12
MINISTRY OF EARTH SCIENCES,1282.8,284.2,1567,2011-12
"MINISTRY OF ENVIRONMENT, FORESTS AND CLIMATE CHANGE",2411.29,80.68,2491.97,2011-12
MINISTRY OF EXTERNAL AFFAIRS,6315,791,7106,2011-12
MINISTRY OF FINANCE,442757.1,22010.03,464767.13,2011-12
MINISTRY OF FOOD PROCESSING INDUSTRIES,514.58,95.51,610.09,2011-12
MINISTRY OF HEALTH AND FAMILY WELFARE,28441.92,2014.08,30456,2011-12
MINISTRY OF HEAVY INDUSTRIES AND PUBLIC ENTERPRISES,434.44,439.9,874.34,2011-12
MINISTRY OF HOME AFFAIRS,40138.71,8781.43,48920.14,2011-12
MINISTRY OF HOUSING AND URBAN AFFAIRS,1107.6,0,1107.6,2011-12
MINISTRY OF HUMAN RESOURCE DEVELOPMENT,,104114,0,2011-12
MINISTRY OF INFORMATION AND BROADCASTING,,1134.46,0,2011-12
MINISTRY OF LABOUR AND EMPLOYMENT,,2492.57,0.96,2011-12
MINISTRY OF LAW AND JUSTICE,,2000,15.02,2011-12
"MINISTRY OF MICRO, SMALL AND MEDIUM ENTERPRISES",,5234,0.8,2011-12
MINISTRY OF COAL AND MINES,,388.79,0,2011-12
MINISTRY OF MINORITY AFFAIRS,,5585,0,2011-12
MINISTRY OF NEW AND RENEWABLE ENERGY,,2330.5,0,2011-12
MINISTRY OF OVERSEAS INDIAN AFFAIRS,,0,9.2,2011-12
MINISTRY OF PANCHAYATI RAJ,,10500,0,2011-12
MINISTRY OF PARLIAMENTARY AFFAIRS,,0,0,2011-12
"MINISTRY OF PERSONNEL, PUBLIC GRIEVANCES AND PENSIONS",,450.87,5.49,2011-12
MINISTRY OF PETROLEUM AND NATURAL GAS,,80,0,2011-12
MINISTRY OF PLANNING,,2468.39,0,2011-12
MINISTRY OF POWER,,16421.84,0,2011-12
"THE PRESIDENT, PARLIAMENT, UNION PUBLIC SERVICE COMMISSION AND THE SECRETARIAT OF THE VICE-PRESIDENT",,0,0,2011-12
MINISTRY OF ROAD TRANSPORT AND HIGHWAYS,,,,2011-12
MINISTRY OF RURAL DEVELOPMENT,,,,2011-12
MINISTRY OF SCIENCE AND TECHNOLOGY,,,,2011-12
MINISTRY OF SHIPPING,,,,2011-12
MINISTRY OF SOCIAL JUSTICE AND EMPOWERMENT,,,,2011-12
DEPARTMENT OF SPACE,,,,2011-12
MINISTRY OF STATISTICS AND PROGRAMME IMPLEMENTATION,,,,2011-12
MINISTRY OF STEEL,,,,2011-12
MINISTRY OF TEXTILES,,,,2011-12
MINISTRY OF TOURISM AND CULTURE,,,,2011-12
MINISTRY OF TRIBAL AFFAIRS,,,,2011-12
UNION TERRITORIES (WITHOUT LEGISLATURE),,,,2011-12
MINISTRY OF HOUSING AND URBAN AFFAIRS,,,,2011-12
"MINISTRY OF WATER RESOURCES, RIVER DEVELOPMENT AND GANGA REJUVENATION",,97.6,1222.73,2011-12
MINISTRY OF WOMEN AND CHILD DEVELOPMENT,,0,12733,2011-12
MINISTRY OF YOUTH AFFAIRS AND SPORTS,,4.02,1121,2011-12
MINISTRY OF RAILWAYS,,20000,20000,2011-12
GRAND TOTAL,,160566.59,1257728.83,2011-12
MINISTRY OF AGRICULTURE AND FARMERS' WELFARE,27845.34,86.25,27931.59,2012-13
DEPARTMENT OF ATOMIC ENERGY,4884.83,4347.17,9232,2012-13
MINISTRY OF CHEMICALS AND FERTILISERS,62984.5,305.21,63289.71,2012-13
MINISTRY OF CIVIL AVIATION,1082.98,4155.82,5238.8,2012-13
MINISTRY OF COAL AND MINES,498.35,0,498.35,2012-13
MINISTRY OF COMMERCE AND INDUSTRY,5545.47,1044.78,6590.25,2012-13
MINISTRY OF COMMUNICATIONS,17386.26,2295.9,19682.16,2012-13
"MINISTRY OF CONSUMER AFFAIRS, FOOD AND PUBLIC DISTRIBUTION",76797.94,71.51,76869.45,2012-13
MINISTRY OF CORPORATE AFFAIRS,213.5,32,245.5,2012-13
MINISTRY OF TOURISM AND CULTURE,1409,38,1447,2012-13
MINISTRY OF DEFENCE,156752.35,81453.18,238205.53,2012-13
MINISTRY OF DEVELOPMENT OF NORTH EASTERN REGION,1750.33,179,1929.33,2012-13
MINISTRY OF EARTH SCIENCES,1460.16,207.84,1668,2012-13
"MINISTRY OF ENVIRONMENT, FORESTS AND CLIMATE CHANGE",2559.28,70.13,2629.41,2012-13
MINISTRY OF EXTERNAL AFFAIRS,7623.97,2038,9661.97,2012-13
MINISTRY OF FINANCE,512213.86,42841.14,555055,2012-13
MINISTRY OF FOOD PROCESSING INDUSTRIES,670.54,0,670.54,2012-13
MINISTRY OF HEALTH AND FAMILY WELFARE,32164.89,2323.11,34488,2012-13
MINISTRY OF HEAVY INDUSTRIES AND PUBLIC ENTERPRISES,575.09,456.51,1031.6,2012-13
MINISTRY OF HOME AFFAIRS,44699.42,9749.57,54448.99,2012-13
MINISTRY OF HOUSING AND URBAN AFFAIRS,2310,8,8,2012-13
MINISTRY OF HUMAN RESOURCE DEVELOPMENT,122814,12649,12649,2012-13
MINISTRY OF INFORMATION AND BROADCASTING,1266,2376.32,1832.32,2012-13
MINISTRY OF LABOUR AND EMPLOYMENT,4801.66,1934.93,1929.8,2012-13
MINISTRY OF LAW AND JUSTICE,2100,649.52,669.54,2012-13
"MINISTRY OF MICRO, SMALL AND MEDIUM ENTERPRISES",5587,402.86,320.66,2012-13
MINISTRY OF COAL AND MINES,394.42,536.02,466.44,2012-13
MINISTRY OF MINORITY AFFAIRS,6170,119.7,19.7,2012-13
MINISTRY OF NEW AND RENEWABLE ENERGY,2674,106.79,14.79,2012-13
MINISTRY OF OVERSEAS INDIAN AFFAIRS,0,94.77,114.77,2012-13
MINISTRY OF PANCHAYATI RAJ,10700,0.74,0.74,2012-13
MINISTRY OF PARLIAMENTARY AFFAIRS,0,11.72,11.72,2012-13
"MINISTRY OF PERSONNEL, PUBLIC GRIEVANCES AND PENSIONS",448.4,717.2,615.67,2012-13
MINISTRY OF PETROLEUM AND NATURAL GAS,85,43717.85,43716.85,2012-13
MINISTRY OF PLANNING,3684.2,592.83,77.03,2012-13
MINISTRY OF POWER,15571.63,3589.48,-122.89,2012-13
"THE PRESIDENT, PARLIAMENT, UNION PUBLIC SERVICE COMMISSION AND THE SECRETARIAT OF THE VICE-PRESIDENT",0,,0,2012-13
MINISTRY OF ROAD TRANSPORT AND HIGHWAYS,41937.02,,2142.21,2012-13
MINISTRY OF RURAL DEVELOPMENT,152752,,0,2012-13
MINISTRY OF DRINKING WATER AND SANITATION,28000,,0,2012-13
MINISTRY OF SCIENCE AND TECHNOLOGY,11902.33,,1.2,2012-13
MINISTRY OF SHIPPING,1078.05,,-79.87,2012-13
MINISTRY OF SOCIAL JUSTICE AND EMPOWERMENT,11530,,0,2012-13
DEPARTMENT OF SPACE,8091.43,,0,2012-13
MINISTRY OF STATISTICS AND PROGRAMME IMPLEMENTATION,9154.8,,0,2012-13
MINISTRY OF STEEL,92,,0,2012-13
MINISTRY OF TEXTILES,13977.73,,38.51,2012-13
MINISTRY OF TOURISM AND CULTURE,2417,,0,2012-13
MINISTRY OF TRIBAL AFFAIRS,8110,,0,2012-13
UNION TERRITORIES (WITHOUT LEGISLATURE),6096.31,,-167.59,2012-13
MINISTRY OF HOUSING AND URBAN AFFAIRS,,7595.55,483.01,2012-13
"MINISTRY OF WATER RESOURCES, RIVER DEVELOPMENT AND GANGA REJUVENATION",,2873.2,1.8,2012-13
MINISTRY OF WOMEN AND CHILD DEVELOPMENT,,37000,0,2012-13
MINISTRY OF YOUTH AFFAIRS AND SPORTS,,2080.7,0,2012-13
MINISTRY OF RAILWAYS,,24000,0,2012-13
GRAND TOTAL,,941538.4,104304.44,2012-13
MINISTRY OF AGRICULTURE AND FARMERS' WELFARE,30993.57,69.37,31062.94,2014-15
DEPARTMENT OF ATOMIC ENERGY,5489.84,4956.75,10446.59,2014-15
MINISTRY OF CHEMICALS AND FERTILISERS,73465.29,153.26,73618.55,2014-15
MINISTRY OF CIVIL AVIATION,837.88,6540.1,7377.98,2014-15
MINISTRY OF COAL AND MINES,600,0,600,2014-15
MINISTRY OF COMMERCE AND INDUSTRY,7388.77,410.25,7799.02,2014-15
MINISTRY OF COMMUNICATIONS,21658.62,4511.3,26169.92,2014-15
"MINISTRY OF CONSUMER AFFAIRS, FOOD AND PUBLIC DISTRIBUTION",115747.08,205.55,115952.63,2014-15
MINISTRY OF CORPORATE AFFAIRS,231.51,23.74,255.25,2014-15
MINISTRY OF TOURISM AND CULTURE,2443,68,2511,2014-15
MINISTRY OF DEFENCE,188994.2,96208.67,285202.87,2014-15
MINISTRY OF DEVELOPMENT OF NORTH EASTERN REGION,2151.78,181,2332.78,2014-15
MINISTRY OF DRINKING WATER AND SANITATION,15266.85,0,15266.85,2014-15
MINISTRY OF EARTH SCIENCES,1511.94,187.06,1699,2014-15
"MINISTRY OF ENVIRONMENT, FORESTS AND CLIMATE CHANGE",2149.89,106.11,2256,2014-15
MINISTRY OF EXTERNAL AFFAIRS,11264.38,3466.01,14730.39,2014-15
MINISTRY OF FINANCE,611307.08,29097.1,640404.18,2014-15
MINISTRY OF FOOD PROCESSING INDUSTRIES,785.86,0,785.86,2014-15
MINISTRY OF HEALTH AND FAMILY WELFARE,37170.23,2067.59,39237.82,2014-15
MINISTRY OF HEAVY INDUSTRIES AND PUBLIC ENTERPRISES,691.38,571.06,1262.44,2014-15
MINISTRY OF HOME AFFAIRS,55514.11,10231.17,65745.28,2014-15
MINISTRY OF HOUSING AND URBAN AFFAIRS,,12000,0,2014-15
MINISTRY OF HUMAN RESOURCE DEVELOPMENT,,137456,0,2014-15
MINISTRY OF INFORMATION AND BROADCASTING,,1981.15,0,2014-15
MINISTRY OF LABOUR AND EMPLOYMENT,,4886.92,0.97,2014-15
MINISTRY OF LAW AND JUSTICE,,2206,55.37,2014-15
"MINISTRY OF MICRO, SMALL AND MEDIUM ENTERPRISES",,6646,0.8,2014-15
MINISTRY OF COAL AND MINES,,1040.78,0,2014-15
MINISTRY OF MINORITY AFFAIRS,,7302,0,2014-15
MINISTRY OF NEW AND RENEWABLE ENERGY,,1787,0,2014-15
MINISTRY OF OVERSEAS INDIAN AFFAIRS,,40,15,2014-15
MINISTRY OF PANCHAYATI RAJ,,14000,0,2014-15
MINISTRY OF PARLIAMENTARY AFFAIRS,,0,0,2014-15
"MINISTRY OF PERSONNEL, PUBLIC GRIEVANCES AND PENSIONS",,438.15,6.07,2014-15
MINISTRY OF PETROLEUM AND NATURAL GAS,,85,0,2014-15
MINISTRY OF PLANNING,,4251.5,0,2014-15
MINISTRY OF POWER,,17212.5,0,2014-15
"THE PRESIDENT, PARLIAMENT, UNION PUBLIC SERVICE COMMISSION AND THE SECRETARIAT OF THE VICE-PRESIDENT",0,,0,2014-15
MINISTRY OF ROAD TRANSPORT AND HIGHWAYS,41975.63,,1942.09,2014-15
MINISTRY OF RURAL DEVELOPMENT,167586,,0,2014-15
MINISTRY OF SCIENCE AND TECHNOLOGY,13398.82,,5.9,2014-15
MINISTRY OF SHIPPING,1299.62,,-108.3,2014-15
MINISTRY OF SOCIAL JUSTICE AND EMPOWERMENT,12961,,0,2014-15
DEPARTMENT OF SPACE,8346.06,,0,2014-15
MINISTRY OF STATISTICS AND PROGRAMME IMPLEMENTATION,8937.9,,0,2014-15
MINISTRY OF STEEL,40,,0,2014-15
MINISTRY OF TEXTILES,9652,,139.73,2014-15
MINISTRY OF TOURISM AND CULTURE,3762.5,,0,2014-15
MINISTRY OF TRIBAL AFFAIRS,8888,,0,2014-15
UNION TERRITORIES (WITHOUT LEGISLATURE),7753.49,,-65.78,2014-15
MINISTRY OF HOUSING AND URBAN AFFAIRS,,9767.18,20009.46,2014-15
"MINISTRY OF WATER RESOURCES, RIVER DEVELOPMENT AND GANGA REJUVENATION",,231.33,13836.64,2014-15
MINISTRY OF WOMEN AND CHILD DEVELOPMENT,,0,21193.88,2014-15
MINISTRY OF YOUTH AFFAIRS AND SPORTS,,0.9,1769,2014-15
MINISTRY OF RAILWAYS,,30100,30100,2014-15
GRAND TOTAL,,226780.53,1794891.96,2014-15
MINISTRY OF AGRICULTURE AND FARMERS' WELFARE,44418.28,66.92,44485.2,2016-17
DEPARTMENT OF ATOMIC ENERGY,5794.03,5888.45,11682.48,2016-17
"MINISTRY OF AYURVEDA, YOGA AND NATUROPATHY, UNANI, SIDDHA AND HOMOEOPATHY (AYUSH)",1323.2,3,1326.2,2016-17
MINISTRY OF CHEMICALS AND FERTILISERS,70411.64,41.17,70452.81,2016-17
MINISTRY OF CIVIL AVIATION,810.48,1780.2,2590.68,2016-17
MINISTRY OF COAL AND MINES,361,0,361,2016-17
MINISTRY OF COMMERCE AND INDUSTRY,7279.74,109.61,7389.35,2016-17
MINISTRY OF COMMUNICATIONS,27264.15,3504.07,30768.22,2016-17
"MINISTRY OF CONSUMER AFFAIRS, FOOD AND PUBLIC DISTRIBUTION",141322.71,68.9,141391.61,2016-17
MINISTRY OF CORPORATE AFFAIRS,314.43,30,344.43,2016-17
MINISTRY OF TOURISM AND CULTURE,2430,70,2500,2016-17
MINISTRY OF DEFENCE,250712.35,90209.63,340921.98,2016-17
MINISTRY OF DEVELOPMENT OF NORTH EASTERN REGION,1951.01,479,2430.01,2016-17
MINISTRY OF DRINKING WATER AND SANITATION,,14009.7,9.7,2016-17
MINISTRY OF EARTH SCIENCES,,1497.45,472.45,2016-17
"MINISTRY OF ENVIRONMENT, FORESTS AND CLIMATE CHANGE",,2195.09,250.34,2016-17
MINISTRY OF EXTERNAL AFFAIRS,,11679.66,9942.66,2016-17
MINISTRY OF FINANCE,,678443.72,663125.84,2016-17
MINISTRY OF FOOD PROCESSING INDUSTRIES,,636.02,36.02,2016-17
MINISTRY OF HEALTH AND FAMILY WELFARE,,36448.49,6156.35,2016-17
MINISTRY OF HEAVY INDUSTRIES AND PUBLIC ENTERPRISES,,413.29,1010.42,2016-17
MINISTRY OF HOME AFFAIRS,,68039.71,67408.12,2016-17
MINISTRY OF HOUSING AND URBAN AFFAIRS,,5411,11,2016-17
MINISTRY OF HUMAN RESOURCE DEVELOPMENT,,72394,15894,2016-17
MINISTRY OF INFORMATION AND BROADCASTING,,1552.43,0,2016-17
MINISTRY OF LABOUR AND EMPLOYMENT,,3088,9.01,2016-17
MINISTRY OF LAW AND JUSTICE,,1800,128.01,2016-17
"MINISTRY OF MICRO, SMALL AND MEDIUM ENTERPRISES",,5990,0.55,2016-17
MINISTRY OF COAL AND MINES,,981.61,0,2016-17
MINISTRY OF MINORITY AFFAIRS,,7460,0,2016-17
MINISTRY OF NEW AND RENEWABLE ENERGY,,10000,0,2016-17
MINISTRY OF PANCHAYATI RAJ,,1500,0,2016-17
MINISTRY OF PARLIAMENTARY AFFAIRS,,0,0,2016-17
"MINISTRY OF PERSONNEL, PUBLIC GRIEVANCES AND PENSIONS",,414.65,34.28,2016-17
MINISTRY OF PETROLEUM AND NATURAL GAS,,4098,0,2016-17
MINISTRY OF PLANNING,,399.5,0,2016-17
MINISTRY OF POWER,,20910.78,0.1,2016-17
"THE PRESIDENT, PARLIAMENT, UNION PUBLIC SERVICE COMMISSION AND THE SECRETARIAT OF THE VICE-PRESIDENT",,0,0,2016-17
MINISTRY OF ROAD TRANSPORT AND HIGHWAYS,,92547,0,2016-17
MINISTRY OF RURAL DEVELOPMENT,,87765.16,65.16,2016-17
MINISTRY OF SCIENCE AND TECHNOLOGY,,10331.98,2253,2016-17
MINISTRY OF SHIPPING,,1229.15,531,2016-17
MINISTRY OF SKILL DEVELOPMENT AND ENTREPRENUERSHIP,,1770.55,104.28,2016-17
MINISTRY OF SOCIAL JUSTICE AND EMPOWERMENT,,6980.51,149.51,2016-17
DEPARTMENT OF SPACE,,4155.98,1509.14,2016-17
MINISTRY OF STATISTICS AND PROGRAMME IMPLEMENTATION,,4724.83,552.83,2016-17
MINISTRY OF STEEL,,85.62,70.62,2016-17
MINISTRY OF TEXTILES,,4574.3,1244.82,2016-17
MINISTRY OF TOURISM AND CULTURE,,1589.27,90.32,2016-17
MINISTRY OF TRIBAL AFFAIRS,,4756.5,26.5,2016-17
UNION TERRITORIES (WITHOUT LEGISLATURE),,8827.65,5672.66,2016-17
MINISTRY OF HOUSING AND URBAN AFFAIRS,,13021.03,3423,2016-17
"MINISTRY OF WATER RESOURCES, RIVER DEVELOPMENT AND GANGA REJUVENATION",,5812.6,701.21,2016-17
MINISTRY OF WOMEN AND CHILD DEVELOPMENT,,30,17408.12,2016-17
MINISTRY OF YOUTH AFFAIRS AND SPORTS,,50,1592,2016-17
MINISTRY OF RAILWAYS,,45000,45000,2016-17
GRAND TOTAL,,247023.62,1978060.45,2016-17
MINISTRY OF AGRICULTURE AND FARMERS' WELFARE,16251.8,111.1,16362.9,2009-10
DEPARTMENT OF ATOMIC ENERGY,4083.91,3689.09,7773,2009-10
MINISTRY OF CHEMICALS AND FERTILISERS,50374.12,281.36,50655.48,2009-10
MINISTRY OF CIVIL AVIATION,731.05,155.95,887,2009-10
MINISTRY OF COAL AND MINES,349,0,349,2009-10
MINISTRY OF COMMERCE AND INDUSTRY,4170.78,667.22,4838,2009-10
MINISTRY OF COMMUNICATIONS,15866.46,590.8,16457.26,2009-10
"MINISTRY OF CONSUMER AFFAIRS, FOOD AND PUBLIC DISTRIBUTION",53674.3,54.7,53729,2009-10
MINISTRY OF CORPORATE AFFAIRS,189.62,40,229.62,2009-10
MINISTRY OF TOURISM AND CULTURE,1239.9,36.1,1276,2009-10
MINISTRY OF DEFENCE,110365.17,56297.83,166663,2009-10
MINISTRY OF DEVELOPMENT OF NORTH EASTERN REGION,1331.97,143.5,1475.47,2009-10
MINISTRY OF EARTH SCIENCES,919.62,290.38,1210,2009-10
"MINISTRY OF ENVIRONMENT, FORESTS AND CLIMATE CHANGE",2092.5,36.5,2129,2009-10
MINISTRY OF EXTERNAL AFFAIRS,5768,525,6293,2009-10
MINISTRY OF FINANCE,372265.65,17351.48,389617.13,2009-10
MINISTRY OF FOOD PROCESSING INDUSTRIES,310.5,40,350.5,2009-10
MINISTRY OF HEALTH AND FAMILY WELFARE,21024.71,1616.62,22641.33,2009-10
MINISTRY OF HEAVY INDUSTRIES AND PUBLIC ENTERPRISES,292.76,536.44,829.2,2009-10
MINISTRY OF HOME AFFAIRS,32909.13,7870.52,40779.65,2009-10
MINISTRY OF HOUSING AND URBAN AFFAIRS,857.97,0,857.97,2009-10
MINISTRY OF HUMAN RESOURCE DEVELOPMENT,43778.21,750,44528.21,2009-10
MINISTRY OF INFORMATION AND BROADCASTING,2119.99,448.01,2568,2009-10
MINISTRY OF LABOUR AND EMPLOYMENT,2434.09,8.88,2442.97,2009-10
MINISTRY OF LAW AND JUSTICE,1746.13,40.89,1787.02,2009-10
"MINISTRY OF MICRO, SMALL AND MEDIUM ENTERPRISES",2023.02,10.43,2033.45,2009-10
MINISTRY OF COAL AND MINES,551.6,38.4,590,2009-10
MINISTRY OF MINORITY AFFAIRS,1631.5,125,1756.5,2009-10
MINISTRY OF NEW AND RENEWABLE ENERGY,608.2,19.8,628,2009-10
MINISTRY OF OVERSEAS INDIAN AFFAIRS,59,21,80,2009-10
MINISTRY OF PANCHAYATI RAJ,4780.71,0,4780.71,2009-10
MINISTRY OF PARLIAMENTARY AFFAIRS,8.33,0,8.33,2009-10
"MINISTRY OF PERSONNEL, PUBLIC GRIEVANCES AND PENSIONS",519.65,155.85,675.5,2009-10
MINISTRY OF PETROLEUM AND NATURAL GAS,3169,0,3169,2009-10
MINISTRY OF PLANNING,474.79,44.21,519,2009-10
MINISTRY OF POWER,7313,1889,9202,2009-10
"THE PRESIDENT, PARLIAMENT, UNION PUBLIC SERVICE COMMISSION AND THE SECRETARIAT OF THE VICE-PRESIDENT",686.06,0,686.06,2009-10
MINISTRY OF RURAL DEVELOPMENT,74314.18,1.25,74315.43,2009-10
MINISTRY OF SCIENCE AND TECHNOLOGY,5768.4,79.6,5848,2009-10
MINISTRY OF SHIPPING,1302.43,453.1,1755.53,2009-10
MINISTRY OF ROAD TRANSPORT AND HIGHWAYS,14596,7039.06,21635.06,2009-10
MINISTRY OF SOCIAL JUSTICE AND EMPOWERMENT,2446,139,2585,2009-10
DEPARTMENT OF SPACE,2907.88,2051.12,4959,2009-10
MINISTRY OF STATISTICS AND PROGRAMME IMPLEMENTATION,2104.72,10.55,2115.27,2009-10
MINISTRY OF STEEL,107.36,8,115.36,2009-10
MINISTRY OF TEXTILES,5214,184,5398,2009-10
MINISTRY OF TOURISM AND CULTURE,1064,6,1070,2009-10
MINISTRY OF TRIBAL AFFAIRS,3170.11,50,3220.11,2009-10
UNION TERRITORIES (WITHOUT LEGISLATURE),4126.2,1486.68,5612.88,2009-10
MINISTRY OF HOUSING AND URBAN AFFAIRS,2214.48,3031.3,5245.78,2009-10
"MINISTRY OF WATER RESOURCES, RIVER DEVELOPMENT AND GANGA REJUVENATION",916.69,86.31,1003,2009-10
MINISTRY OF WOMEN AND CHILD DEVELOPMENT,7428,0,7428,2009-10
MINISTRY OF YOUTH AFFAIRS AND SPORTS,2579.3,493.7,3073,2009-10
MINISTRY OF RAILWAYS,0,14600,14600,2009-10
GRAND TOTAL,897231.95,123605.73,1020837.68,2009-10
MINISTRY OF AGRICULTURE AND FARMERS' WELFARE,20769.37,95.35,20864.72,2010-11
DEPARTMENT OF ATOMIC ENERGY,4197.65,4323.35,8521,2010-11
MINISTRY OF CHEMICALS AND FERTILISERS,50556.72,276.28,50833,2010-11
MINISTRY OF CIVIL AVIATION,1456.3,1428.7,2885,2010-11
MINISTRY OF COAL AND MINES,447.7,0,447.7,2010-11
MINISTRY OF COMMERCE AND INDUSTRY,4495.93,692.99,5188.92,2010-11
MINISTRY OF COMMUNICATIONS,12008.51,2175.5,14184.01,2010-11
"MINISTRY OF CONSUMER AFFAIRS, FOOD AND PUBLIC DISTRIBUTION",56538.85,69.4,56608.25,2010-11
MINISTRY OF CORPORATE AFFAIRS,203.01,46,249.01,2010-11
MINISTRY OF TOURISM AND CULTURE,1195,43,1238,2010-11
MINISTRY OF DEFENCE,114590.13,61181.72,175771.85,2010-11
MINISTRY OF DEVELOPMENT OF NORTH EASTERN REGION,1618.33,141,1759.33,2010-11
MINISTRY OF EARTH SCIENCES,1017.71,284.29,1302,2010-11
"MINISTRY OF ENVIRONMENT, FORESTS AND CLIMATE CHANGE",2305.74,45.42,2351.16,2010-11
MINISTRY OF EXTERNAL AFFAIRS,5621.6,753.4,6375,2010-11
MINISTRY OF FINANCE,404290.75,27057.25,431348,2010-11
MINISTRY OF FOOD PROCESSING INDUSTRIES,307.21,102.51,409.72,2010-11
MINISTRY OF HEALTH AND FAMILY WELFARE,23930.49,1223.51,25154,2010-11
MINISTRY OF HEAVY INDUSTRIES AND PUBLIC ENTERPRISES,390.73,506.7,897.43,2010-11
MINISTRY OF HOME AFFAIRS,29918.17,7217.9,37136.07,2010-11
MINISTRY OF HOUSING AND URBAN AFFAIRS,1007.03,0,1007.03,2010-11
MINISTRY OF HUMAN RESOURCE DEVELOPMENT,49904,0,49904,2010-11
MINISTRY OF INFORMATION AND BROADCASTING,2269.64,334.54,2604.18,2010-11
MINISTRY OF LABOUR AND EMPLOYMENT,2838.59,9.74,2848.33,2010-11
MINISTRY OF LAW AND JUSTICE,776.63,15.02,791.65,2010-11
"MINISTRY OF MICRO, SMALL AND MEDIUM ENTERPRISES",2636.4,12.3,2648.7,2010-11
MINISTRY OF COAL AND MINES,526.35,39.79,566.14,2010-11
MINISTRY OF MINORITY AFFAIRS,2500.37,115,2615.37,2010-11
MINISTRY OF NEW AND RENEWABLE ENERGY,955.2,53.3,1008.5,2010-11
MINISTRY OF OVERSEAS INDIAN AFFAIRS,71.8,9.2,81,2010-11
MINISTRY OF PANCHAYATI RAJ,5170.71,0,5170.71,2010-11
MINISTRY OF PARLIAMENTARY AFFAIRS,7.47,0,7.47,2010-11
"MINISTRY OF PERSONNEL, PUBLIC GRIEVANCES AND PENSIONS",575.85,130.51,706.36,2010-11
MINISTRY OF PETROLEUM AND NATURAL GAS,3179,0,3179,2010-11
MINISTRY OF PLANNING,1866.21,193.11,2059.32,2010-11
MINISTRY OF POWER,6046.03,4428.84,10474.87,2010-11
"THE PRESIDENT, PARLIAMENT, UNION PUBLIC SERVICE COMMISSION AND THE SECRETARIAT OF THE VICE-PRESIDENT",670.17,0,670.17,2010-11
MINISTRY OF ROAD TRANSPORT AND HIGHWAYS,13985.87,10092.78,24078.65,2010-11
MINISTRY OF RURAL DEVELOPMENT,79379.62,7.82,79387.44,2010-11
MINISTRY OF SCIENCE AND TECHNOLOGY,6535.6,43.4,6579,2010-11
MINISTRY OF SHIPPING,1494.41,441.48,1935.89,2010-11
MINISTRY OF SOCIAL JUSTICE AND EMPOWERMENT,4374,200,4574,2010-11
DEPARTMENT OF SPACE,3100.76,2677.24,5778,2010-11
MINISTRY OF STATISTICS AND PROGRAMME IMPLEMENTATION,2138.66,9.69,2148.35,2010-11
MINISTRY OF STEEL,106.62,1,107.62,2010-11
MINISTRY OF TEXTILES,5478.94,129.14,5608.08,2010-11
MINISTRY OF TOURISM AND CULTURE,1108.41,11,1119.41,2010-11
MINISTRY OF TRIBAL AFFAIRS,3150.37,70,3220.37,2010-11
UNION TERRITORIES (WITHOUT LEGISLATURE),4275.24,965.35,5240.59,2010-11
MINISTRY OF HOUSING AND URBAN AFFAIRS,2312.44,5176.93,7489.37,2010-11
"MINISTRY OF WATER RESOURCES, RIVER DEVELOPMENT AND GANGA REJUVENATION",995.7,109.3,1105,2010-11
MINISTRY OF WOMEN AND CHILD DEVELOPMENT,11070.5,0,11070.5,2010-11
MINISTRY OF YOUTH AFFAIRS AND SPORTS,2355.43,1209.57,3565,2010-11
MINISTRY OF RAILWAYS,0,15875,15875,2010-11
GRAND TOTAL,958723.92,150025.32,1108749.24,2010-11
MINISTRY OF AGRICULTURE AND FARMERS' WELFARE,3903.82,316.96,4220.78,2002-03
MINISTRY OF AGRO AND RURAL INDUSTRIES,665.53,2.1,667.63,2002-03
MINISTRY OF CHEMICALS AND FERTILISERS,11307.96,597.29,11905.25,2002-03
MINISTRY OF CIVIL AVIATION,234.32,64.71,299.03,2002-03
MINISTRY OF COAL AND MINES,1026.03,44.31,1070.34,2002-03
MINISTRY OF COMMERCE AND INDUSTRY,1693.74,383,2076.74,2002-03
MINISTRY OF COMMUNICATIONS,1853.05,163.71,2016.76,2002-03
MINISTRY OF DEFENCE,54863.76,21747.4,76611.16,2002-03
MINISTRY OF DISINVESTMENT,26.79,0,26.79,2002-03
MINISTRY OF DEVELOPMENT OF NORTH EASTERN REGION,373.84,104.67,478.51,2002-03
"MINISTRY OF ENVIRONMENT, FORESTS AND CLIMATE CHANGE",1088.26,22.79,1111.05,2002-03
MINISTRY OF EXTERNAL AFFAIRS,2820.14,418.2,3238.34,2002-03
MINISTRY OF FINANCE,161818.67,25564.9,187383.57,2002-03
"MINISTRY OF CONSUMER AFFAIRS, FOOD AND PUBLIC DISTRIBUTION",21472.7,48.48,21521.18,2002-03
MINISTRY OF FOOD PROCESSING INDUSTRIES,81.01,0,81.01,2002-03
MINISTRY OF HEALTH AND FAMILY WELFARE,7574.32,7.51,7581.83,2002-03
MINISTRY OF HOME AFFAIRS,11259.47,1777.1,13036.57,2002-03
MINISTRY OF HUMAN RESOURCE DEVELOPMENT,12045.34,0.01,12045.35,2002-03
MINISTRY OF HEAVY INDUSTRIES AND PUBLIC ENTERPRISES,153.24,470.8,624.04,2002-03
MINISTRY OF INFORMATION AND BROADCASTING,1234.48,299.02,1533.5,2002-03
MINISTRY OF LABOUR AND EMPLOYMENT,867.39,14.23,881.62,2002-03
MINISTRY OF LAW AND JUSTICE,566.13,4.55,570.68,2002-03
MINISTRY OF NEW AND RENEWABLE ENERGY,499.47,130.05,629.52,2002-03
MINISTRY OF PARLIAMENTARY AFFAIRS,4.21,0,4.21,2002-03
"MINISTRY OF PERSONNEL, PUBLIC GRIEVANCES AND PENSIONS",205.59,8.1,213.69,2002-03
MINISTRY OF PETROLEUM AND NATURAL GAS,6509.43,0,6509.43,2002-03
MINISTRY OF PLANNING,46.14,7.5,53.64,2002-03
MINISTRY OF POWER,781.49,2572.11,3353.6,2002-03
MINISTRY OF RURAL DEVELOPMENT,13644.55,50,13694.55,2002-03
MINISTRY OF SCIENCE AND TECHNOLOGY,2233.01,57.75,2290.76,2002-03
"MINISTRY OF MICRO, SMALL AND MEDIUM ENTERPRISES",397.11,0,397.11,2002-03
MINISTRY OF STATISTICS AND PROGRAMME IMPLEMENTATION,1828.33,28.84,1857.17,2002-03
MINISTRY OF STEEL,68.19,14,82.19,2002-03
MINISTRY OF ROAD TRANSPORT AND HIGHWAYS,4693.62,3990.52,8684.14,2002-03
MINISTRY OF SHIPPING,334.58,321.41,655.99,2002-03
MINISTRY OF TEXTILES,985.32,600.18,1585.5,2002-03
MINISTRY OF TOURISM AND CULTURE,631.16,112.5,743.66,2002-03
MINISTRY OF TRIBAL AFFAIRS,1064.37,32.01,1096.38,2002-03
MINISTRY OF HOUSING AND URBAN AFFAIRS,1723.76,1053.4,2777.16,2002-03
"MINISTRY OF WATER RESOURCES, RIVER DEVELOPMENT AND GANGA REJUVENATION",722.05,54.7,776.75,2002-03
MINISTRY OF SOCIAL JUSTICE AND EMPOWERMENT,1355.53,113.35,1468.88,2002-03
MINISTRY OF YOUTH AFFAIRS AND SPORTS,331.13,8.26,339.39,2002-03
DEPARTMENT OF ATOMIC ENERGY,1283.66,2585.29,3868.95,2002-03
DEPARTMENT OF OCEAN DEVELOPMENT,198.28,1,199.28,2002-03
DEPARTMENT OF SPACE,1951.62,312.25,2263.87,2002-03
"THE PRESIDENT, PARLIAMENT, UNION PUBLIC SERVICE COMMISSION AND THE SECRETARIAT OF THE VICE-PRESIDENT",311.88,0,311.88,2002-03
UNION TERRITORIES (WITHOUT LEGISLATURE),1748.32,331.72,2080.04,2002-03
MINISTRY OF RAILWAYS,,,5390,2002-03
GRAND TOTAL,340482.79,69826.68,410309.47,2002-03
MINISTRY OF AGRICULTURE AND FARMERS' WELFARE,7934.15,264.87,8199.02,2006-07
MINISTRY OF AGRO AND RURAL INDUSTRIES,1052.82,1.81,1054.63,2006-07
DEPARTMENT OF ATOMIC ENERGY,1219.37,4285.71,5505.08,2006-07
MINISTRY OF CHEMICALS AND FERTILISERS,17373.97,181.24,17555.21,2006-07
MINISTRY OF CIVIL AVIATION,372.69,75.91,448.6,2006-07
MINISTRY OF COAL AND MINES,205.71,0,205.71,2006-07
MINISTRY OF COMMERCE AND INDUSTRY,2425.61,656,3081.61,2006-07
MINISTRY OF ELECTRONICS AND INFORMATION TECHNOLOGY,5469.69,587.97,6057.66,2006-07
MINISTRY OF COMPANY AFFAIRS,135,10,145,2006-07
"MINISTRY OF CONSUMER AFFAIRS, FOOD AND PUBLIC DISTRIBUTION",24733.23,60.57,24793.8,2006-07
MINISTRY OF TOURISM AND CULTURE,772,48,820,2006-07
MINISTRY OF DEFENCE,65983.67,38140.17,104123.84,2006-07
MINISTRY OF DEVELOPMENT OF NORTH EASTERN REGION,1253.74,109.05,1362.79,2006-07
"MINISTRY OF ENVIRONMENT, FORESTS AND CLIMATE CHANGE",1495.63,24.51,1520.14,2006-07
MINISTRY OF EXTERNAL AFFAIRS,3464.64,230.41,3695.05,2006-07
MINISTRY OF FINANCE,213974.22,8785.37,222759.59,2006-07
MINISTRY OF FOOD PROCESSING INDUSTRIES,173.7,0,173.7,2006-07
MINISTRY OF HEALTH AND FAMILY WELFARE,12916.09,77.68,12993.77,2006-07
MINISTRY OF HEAVY INDUSTRIES AND PUBLIC ENTERPRISES,360.28,580.88,941.16,2006-07
MINISTRY OF HOME AFFAIRS,17040.55,2173.23,19213.78,2006-07
MINISTRY OF HUMAN RESOURCE DEVELOPMENT,28967.92,0.01,28967.93,2006-07
MINISTRY OF INFORMATION AND BROADCASTING,1558.53,157.47,1716,2006-07
MINISTRY OF LABOUR AND EMPLOYMENT,1481.36,0,1481.36,2006-07
MINISTRY OF LAW AND JUSTICE,928.69,0.03,928.72,2006-07
MINISTRY OF COAL AND MINES,363.07,131.95,495.02,2006-07
MINISTRY OF NEW AND RENEWABLE ENERGY,538.39,65.25,603.64,2006-07
MINISTRY OF OVERSEAS INDIAN AFFAIRS,35.5,2.5,38,2006-07
DEPARTMENT OF OCEAN DEVELOPMENT,475.75,0,475.75,2006-07
MINISTRY OF PANCHAYATI RAJ,3825.73,0,3825.73,2006-07
MINISTRY OF PARLIAMENTARY AFFAIRS,6,0,6,2006-07
"MINISTRY OF PERSONNEL, PUBLIC GRIEVANCES AND PENSIONS",308.27,37.03,345.3,2006-07
MINISTRY OF PETROLEUM AND NATURAL GAS,3106.62,0,3106.62,2006-07
MINISTRY OF PLANNING,123.83,0,123.83,2006-07
MINISTRY OF POWER,3769.26,1797.74,5567,2006-07
"THE PRESIDENT, PARLIAMENT, UNION PUBLIC SERVICE COMMISSION AND THE SECRETARIAT OF THE VICE-PRESIDENT",430.07,0,430.07,2006-07
MINISTRY OF RURAL DEVELOPMENT,31470.96,0,31470.96,2006-07
MINISTRY OF SCIENCE AND TECHNOLOGY,3876.9,153.7,4030.6,2006-07
MINISTRY OF ROAD TRANSPORT AND HIGHWAYS,10946.55,5597.43,16543.98,2006-07
"MINISTRY OF MICRO, SMALL AND MEDIUM ENTERPRISES",505.24,19,524.24,2006-07
MINISTRY OF SOCIAL JUSTICE AND EMPOWERMENT,1615.31,202.29,1817.6,2006-07
DEPARTMENT OF SPACE,3092.3,517.7,3610,2006-07
MINISTRY OF STATISTICS AND PROGRAMME IMPLEMENTATION,1788.65,27.92,1816.57,2006-07
MINISTRY OF STEEL,84.5,45,129.5,2006-07
MINISTRY OF TEXTILES,2033.58,1012.17,3045.75,2006-07
MINISTRY OF TOURISM AND CULTURE,377.32,495.5,872.82,2006-07
MINISTRY OF TRIBAL AFFAIRS,1653.45,14.01,1667.46,2006-07
UNION TERRITORIES (WITHOUT LEGISLATURE),2693.82,936.14,3629.96,2006-07
MINISTRY OF HOUSING AND URBAN AFFAIRS,1786.47,1419.79,3206.26,2006-07
MINISTRY OF HOUSING AND URBAN AFFAIRS,426.06,5.61,431.67,2006-07
"MINISTRY OF WATER RESOURCES, RIVER DEVELOPMENT AND GANGA REJUVENATION",901.02,60.49,961.51,2006-07
MINISTRY OF YOUTH AFFAIRS AND SPORTS,662.47,6.53,669,2006-07
MINISTRY OF MINORITY AFFAIRS,2,0,2,2006-07
MINISTRY OF RAILWAYS,0,6800.14,6800.14,2006-07
GRAND TOTAL,488192.35,75798.78,563991.13,2006-07
MINISTRY OF AGRICULTURE AND FARMERS' WELFARE,9048.11,314.1,9362.21,2007-08
MINISTRY OF AGRO AND RURAL INDUSTRIES,1194.32,5.31,1199.63,2007-08
DEPARTMENT OF ATOMIC ENERGY,1710.3,4419.7,6130,2007-08
MINISTRY OF CHEMICALS AND FERTILISERS,22673.82,115.18,22789,2007-08
MINISTRY OF CIVIL AVIATION,475.56,142,617.56,2007-08
MINISTRY OF COAL AND MINES,288,0,288,2007-08
MINISTRY OF COMMERCE AND INDUSTRY,2447.44,707,3154.44,2007-08
MINISTRY OF ELECTRONICS AND INFORMATION TECHNOLOGY,6584.16,506.22,7090.38,2007-08
MINISTRY OF COMPANY AFFAIRS,146,55,201,2007-08
"MINISTRY OF CONSUMER AFFAIRS, FOOD AND PUBLIC DISTRIBUTION",26253.94,80.7,26334.64,2007-08
MINISTRY OF TOURISM AND CULTURE,882.61,50,932.61,2007-08
MINISTRY OF DEFENCE,69992.32,42703.51,112695.83,2007-08
MINISTRY OF DEVELOPMENT OF NORTH EASTERN REGION,1238.7,154.37,1393.07,2007-08
MINISTRY OF EARTH SCIENCES,613.49,273.51,887,2007-08
"MINISTRY OF ENVIRONMENT, FORESTS AND CLIMATE CHANGE",1517.95,21.05,1539,2007-08
MINISTRY OF EXTERNAL AFFAIRS,3674.38,759.22,4433.6,2007-08
MINISTRY OF FINANCE,248366.64,45689.14,294055.78,2007-08
MINISTRY OF FOOD PROCESSING INDUSTRIES,228.3,30,258.3,2007-08
MINISTRY OF HEALTH AND FAMILY WELFARE,15499.03,355.85,15854.88,2007-08
MINISTRY OF HEAVY INDUSTRIES AND PUBLIC ENTERPRISES,292.15,628.58,920.73,2007-08
MINISTRY OF HOME AFFAIRS,17883.99,4738.5,22622.49,2007-08
MINISTRY OF HOUSING AND URBAN AFFAIRS,504.14,5.61,509.75,2007-08
MINISTRY OF HUMAN RESOURCE DEVELOPMENT,32350.72,1,32351.72,2007-08
MINISTRY OF INFORMATION AND BROADCASTING,1391.72,290.12,1681.84,2007-08
MINISTRY OF LABOUR AND EMPLOYMENT,1628.44,5.04,1633.48,2007-08
MINISTRY OF LAW AND JUSTICE,884.73,0.03,884.76,2007-08
MINISTRY OF COAL AND MINES,334.29,55.41,389.7,2007-08
MINISTRY OF MINORITY AFFAIRS,442.83,70,512.83,2007-08
MINISTRY OF NEW AND RENEWABLE ENERGY,568.65,64.25,632.9,2007-08
MINISTRY OF OVERSEAS INDIAN AFFAIRS,40,10,50,2007-08
MINISTRY OF PANCHAYATI RAJ,4770.5,0,4770.5,2007-08
MINISTRY OF PARLIAMENTARY AFFAIRS,6.1,0,6.1,2007-08
"MINISTRY OF PERSONNEL, PUBLIC GRIEVANCES AND PENSIONS",328.49,37.51,366,2007-08
MINISTRY OF PETROLEUM AND NATURAL GAS,2867.81,0,2867.81,2007-08
MINISTRY OF PLANNING,121.82,7.5,129.32,2007-08
MINISTRY OF POWER,4541.91,1010.28,5552.19,2007-08
"THE PRESIDENT, PARLIAMENT, UNION PUBLIC SERVICE COMMISSION AND THE SECRETARIAT OF THE VICE-PRESIDENT",475.37,0,475.37,2007-08
MINISTRY OF RURAL DEVELOPMENT,36588.38,0,36588.38,2007-08
MINISTRY OF SCIENCE AND TECHNOLOGY,4297.7,74,4371.7,2007-08
MINISTRY OF ROAD TRANSPORT AND HIGHWAYS,11265.77,6481.43,17747.2,2007-08
"MINISTRY OF MICRO, SMALL AND MEDIUM ENTERPRISES",585.41,0,585.41,2007-08
MINISTRY OF SOCIAL JUSTICE AND EMPOWERMENT,1934.15,125,2059.15,2007-08
DEPARTMENT OF SPACE,2277.5,1581.1,3858.6,2007-08
MINISTRY OF STATISTICS AND PROGRAMME IMPLEMENTATION,1834.92,18.62,1853.54,2007-08
MINISTRY OF STEEL,85.5,65,150.5,2007-08
MINISTRY OF TEXTILES,2811.2,325.48,3136.68,2007-08
MINISTRY OF TOURISM AND CULTURE,390.62,606,996.62,2007-08
MINISTRY OF TRIBAL AFFAIRS,1697.02,35.02,1732.04,2007-08
UNION TERRITORIES (WITHOUT LEGISLATURE),2666.81,993.87,3660.68,2007-08
MINISTRY OF HOUSING AND URBAN AFFAIRS,1761.64,2052.88,3814.52,2007-08
"MINISTRY OF WATER RESOURCES, RIVER DEVELOPMENT AND GANGA REJUVENATION",827.96,43.8,871.76,2007-08
MINISTRY OF WOMEN AND CHILD DEVELOPMENT,5853,0,5853,2007-08
MINISTRY OF YOUTH AFFAIRS AND SPORTS,753.21,26.79,780,2007-08
MINISTRY OF RAILWAYS,0,6886.31,6886.31,2007-08
GRAND TOTAL,557899.52,122620.99,680520.51,2007-08
MINISTRY OF AGRICULTURE AND FARMERS' WELFARE,4151.11,1455.09,4434.31,2003-04
MINISTRY OF AGRO AND RURAL INDUSTRIES,667.02,88.13,667.63,2003-04
DEPARTMENT OF ATOMIC ENERGY,771.5,3619.59,3800.09,2003-04
MINISTRY OF CHEMICALS AND FERTILISERS,12812.83,13391.18,13451.9,2003-04
MINISTRY OF CIVIL AVIATION,242.23,283.57,289.34,2003-04
MINISTRY OF COAL AND MINES,437.9,152,437.9,2003-04
MINISTRY OF COAL AND MINES,613.25,425.73,633.74,2003-04
MINISTRY OF COMMERCE AND INDUSTRY,2053.13,1194.13,2206.13,2003-04
MINISTRY OF COMMUNICATIONS,2130.06,1670.05,2299.13,2003-04
"MINISTRY OF CONSUMER AFFAIRS, FOOD AND PUBLIC DISTRIBUTION",28052.54,28086.5,28097.22,2003-04
MINISTRY OF DEFENCE,55594.01,76932.59,76932.59,2003-04
MINISTRY OF DEVELOPMENT OF NORTH EASTERN REGION,919.98,165.08,1077.48,2003-04
MINISTRY OF DISINVESTMENT,28.37,28.37,28.37,2003-04
"MINISTRY OF ENVIRONMENT, FORESTS AND CLIMATE CHANGE",1099.14,140.04,1124.59,2003-04
MINISTRY OF EXTERNAL AFFAIRS,3038.99,3008,3410,2003-04
MINISTRY OF FINANCE,174287.49,178593.77,200996.1,2003-04
MINISTRY OF FOOD PROCESSING INDUSTRIES,80.84,5.84,80.84,2003-04
MINISTRY OF HEALTH AND FAMILY WELFARE,7618.08,1040.78,7620.08,2003-04
MINISTRY OF HEAVY INDUSTRIES AND PUBLIC ENTERPRISES,145.51,571.01,613.26,2003-04
MINISTRY OF HOME AFFAIRS,11293.53,12885.66,13182.06,2003-04
MINISTRY OF HUMAN RESOURCE DEVELOPMENT,12515.08,2890.95,12515.09,2003-04
MINISTRY OF INFORMATION AND BROADCASTING,1289.53,1337.71,1521.12,2003-04
MINISTRY OF LABOUR AND EMPLOYMENT,856.39,0,856.39,2003-04
MINISTRY OF LAW AND JUSTICE,634.22,0.55,634.77,2003-04
MINISTRY OF NEW AND RENEWABLE ENERGY,505.11,130.39,630.15,2003-04
DEPARTMENT OF OCEAN DEVELOPMENT,199.33,0,199.33,2003-04
MINISTRY OF PARLIAMENTARY AFFAIRS,4.04,0,4.04,2003-04
"MINISTRY OF PERSONNEL, PUBLIC GRIEVANCES AND PENSIONS",116.01,91.01,125.01,2003-04
MINISTRY OF PETROLEUM AND NATURAL GAS,8128.28,8128.28,8128.28,2003-04
MINISTRY OF PLANNING,78.77,0,78.77,2003-04
MINISTRY OF POWER,733.76,2823.08,3556.84,2003-04
"THE PRESIDENT, PARLIAMENT, UNION PUBLIC SERVICE COMMISSION AND THE SECRETARIAT OF THE VICE-PRESIDENT",329.92,329.92,329.92,2003-04
MINISTRY OF ROAD TRANSPORT AND HIGHWAYS,4599.33,5828.39,8936.09,2003-04
MINISTRY OF RURAL DEVELOPMENT,14084.32,34.32,14094.32,2003-04
MINISTRY OF SCIENCE AND TECHNOLOGY,2527.68,1071.88,2585.88,2003-04
MINISTRY OF SHIPPING,454.1,676.8,766.55,2003-04
"MINISTRY OF MICRO, SMALL AND MEDIUM ENTERPRISES",377.56,71.07,397.56,2003-04
MINISTRY OF SOCIAL JUSTICE AND EMPOWERMENT,1342.06,187.06,1469.56,2003-04
DEPARTMENT OF SPACE,1888.44,798.5,2368.47,2003-04
MINISTRY OF STATISTICS AND PROGRAMME IMPLEMENTATION,1769.2,170.68,1794.33,2003-04
MINISTRY OF STEEL,68.31,81.31,81.31,2003-04
MINISTRY OF TEXTILES,1218.4,964.68,1707.84,2003-04
MINISTRY OF TOURISM AND CULTURE,704.52,565.32,910.02,2003-04
MINISTRY OF TRIBAL AFFAIRS,1056.44,51.96,1097.7,2003-04
UNION TERRITORIES (WITHOUT LEGISLATURE),1953.31,1924.82,2287.75,2003-04
MINISTRY OF HOUSING AND URBAN AFFAIRS,1614.78,2747.99,3481.79,2003-04
"MINISTRY OF WATER RESOURCES, RIVER DEVELOPMENT AND GANGA REJUVENATION",709.29,258.29,768.79,2003-04
MINISTRY OF YOUTH AFFAIRS AND SPORTS,431.04,64.53,440.3,2003-04
MINISTRY OF RAILWAYS,0,5644.34,5644.34,2003-04
GRAND TOTAL,366226.73,361951.83,438795.07,2003-04
MINISTRY OF AGRICULTURE AND FARMERS' WELFARE,5058.59,1368.3,5303.73,2004-05
MINISTRY OF AGRO AND RURAL INDUSTRIES,860.02,88.13,861.63,2004-05
DEPARTMENT OF ATOMIC ENERGY,899.86,4238.87,4469.97,2004-05
MINISTRY OF CHEMICALS AND FERTILISERS,12778.92,12869.03,12952.56,2004-05
MINISTRY OF CIVIL AVIATION,242.05,282.15,287.1,2004-05
MINISTRY OF COAL AND MINES,796.55,655.77,972.32,2004-05
MINISTRY OF COMMERCE AND INDUSTRY,2392.78,1884.73,2937.88,2004-05
MINISTRY OF ELECTRONICS AND INFORMATION TECHNOLOGY,2561.77,2411.51,3299.01,2004-05
MINISTRY OF COMPANY AFFAIRS,54.5,57.5,57.5,2004-05
"MINISTRY OF CONSUMER AFFAIRS, FOOD AND PUBLIC DISTRIBUTION",26129.24,26173.75,26185.92,2004-05
MINISTRY OF TOURISM AND CULTURE,667.33,358.33,712.83,2004-05
MINISTRY OF DEFENCE,55217.68,89136.35,89136.35,2004-05
MINISTRY OF DEVELOPMENT OF NORTH EASTERN REGION,1038.56,163.7,1194.7,2004-05
"MINISTRY OF ENVIRONMENT, FORESTS AND CLIMATE CHANGE",1284.46,167.96,1301.21,2004-05
MINISTRY OF EXTERNAL AFFAIRS,3264.06,3185.69,3640.69,2004-05
MINISTRY OF FINANCE,183365.95,186812.93,210507.73,2004-05
MINISTRY OF FOOD PROCESSING INDUSTRIES,115.68,5.68,115.68,2004-05
MINISTRY OF HEALTH AND FAMILY WELFARE,8412.61,996.33,8438.12,2004-05
MINISTRY OF HEAVY INDUSTRIES AND PUBLIC ENTERPRISES,192.52,573.78,663.65,2004-05
MINISTRY OF HOME AFFAIRS,13046.29,14707.58,15003.61,2004-05
MINISTRY OF HUMAN RESOURCE DEVELOPMENT,13516.25,2892.12,13516.26,2004-05
MINISTRY OF INFORMATION AND BROADCASTING,1263.31,1285.03,1514.17,2004-05
MINISTRY OF LABOUR AND EMPLOYMENT,923.54,756.57,923.54,2004-05
MINISTRY OF LAW AND JUSTICE,1407.88,1268.9,1408.9,2004-05
MINISTRY OF NEW AND RENEWABLE ENERGY,509.23,101.51,605.27,2004-05
MINISTRY OF OVERSEAS INDIAN AFFAIRS,6,7,7,2004-05
MINISTRY OF PANCHAYATI RAJ,31.04,0.44,31.04,2004-05
DEPARTMENT OF OCEAN DEVELOPMENT,229.08,31.08,230.08,2004-05
MINISTRY OF PARLIAMENTARY AFFAIRS,5.89,5.89,5.89,2004-05
"MINISTRY OF PERSONNEL, PUBLIC GRIEVANCES AND PENSIONS",251.8,225.86,267.95,2004-05
MINISTRY OF PETROLEUM AND NATURAL GAS,3573.42,3573.42,3573.42,2004-05
MINISTRY OF PLANNING,6446.88,3714.88,10130.88,2004-05
MINISTRY OF POWER,1024.87,2700.07,3662.47,2004-05
"THE PRESIDENT, PARLIAMENT, UNION PUBLIC SERVICE COMMISSION AND THE SECRETARIAT OF THE VICE-PRESIDENT",363.5,363.5,363.5,2004-05
MINISTRY OF ROAD TRANSPORT AND HIGHWAYS,4410.65,6752.4,9637,2004-05
MINISTRY OF RURAL DEVELOPMENT,16016.83,28.43,16021.83,2004-05
MINISTRY OF SCIENCE AND TECHNOLOGY,2831.59,1128.99,2906.39,2004-05
MINISTRY OF SHIPPING,490.55,624.13,781.18,2004-05
"MINISTRY OF MICRO, SMALL AND MEDIUM ENTERPRISES",399.4,67.15,414.4,2004-05
MINISTRY OF SOCIAL JUSTICE AND EMPOWERMENT,1377.26,244.76,1557.01,2004-05
DEPARTMENT OF SPACE,2167.3,895.28,2731.29,2004-05
MINISTRY OF STATISTICS AND PROGRAMME IMPLEMENTATION,1834.87,161.22,1855.71,2004-05
MINISTRY OF STEEL,91.65,180.54,180.54,2004-05
MINISTRY OF TEXTILES,1324.93,913.34,1780.31,2004-05
MINISTRY OF TOURISM AND CULTURE,227.24,355.74,541.74,2004-05
MINISTRY OF TRIBAL AFFAIRS,1108.75,63.27,1159.01,2004-05
UNION TERRITORIES (WITHOUT LEGISLATURE),2035.17,1968.19,2344.43,2004-05
MINISTRY OF HOUSING AND URBAN AFFAIRS,1493.61,1928.58,2579.73,2004-05
"MINISTRY OF WATER RESOURCES, RIVER DEVELOPMENT AND GANGA REJUVENATION",769.45,59.78,829.23,2004-05
MINISTRY OF YOUTH AFFAIRS AND SPORTS,451.76,14.24,466,2004-05
MINISTRY OF RAILWAYS,0,6919,6919,2004-05
GRAND TOTAL,385493.35,92335.79,477829.04,2004-05
MINISTRY OF AGRICULTURE AND FARMERS' WELFARE,6964.37,1486.68,7242.52,2005-06
MINISTRY OF AGRO AND RURAL INDUSTRIES,944.82,88.13,946.63,2005-06
DEPARTMENT OF ATOMIC ENERGY,886.88,4758.06,4995.86,2005-06
MINISTRY OF CHEMICALS AND FERTILISERS,17028.64,17232.03,17312.07,2005-06
MINISTRY OF CIVIL AVIATION,268.5,627.65,633.5,2005-06
MINISTRY OF COAL AND MINES,192.07,40.02,192.07,2005-06
MINISTRY OF COAL AND MINES,400.71,262.13,441.86,2005-06
MINISTRY OF COMMERCE AND INDUSTRY,2448.27,1772.27,3060.27,2005-06
MINISTRY OF ELECTRONICS AND INFORMATION TECHNOLOGY,4985.59,4564.59,5597.05,2005-06
MINISTRY OF COMPANY AFFAIRS,113.37,116.27,116.27,2005-06
"MINISTRY OF CONSUMER AFFAIRS, FOOD AND PUBLIC DISTRIBUTION",26653.82,26589.65,26723.44,2005-06
MINISTRY OF TOURISM AND CULTURE,803.47,375.95,865.27,2005-06
MINISTRY OF DEFENCE,62047.69,96952,96952,2005-06
MINISTRY OF DEVELOPMENT OF NORTH EASTERN REGION,1040.17,67.48,1098.73,2005-06
"MINISTRY OF ENVIRONMENT, FORESTS AND CLIMATE CHANGE",1377.27,164.2,1388.19,2005-06
MINISTRY OF EXTERNAL AFFAIRS,3574.58,3449,3928,2005-06
MINISTRY OF FINANCE,207048.75,2701.36,209750.11,2005-06
MINISTRY OF FOOD PROCESSING INDUSTRIES,186.55,6.55,186.55,2005-06
MINISTRY OF HEALTH AND FAMILY WELFARE,10660.11,1038.34,10687.11,2005-06
MINISTRY OF HEAVY INDUSTRIES AND PUBLIC ENTERPRISES,333.95,618.55,894.25,2005-06
MINISTRY OF HOME AFFAIRS,15597.56,17397.82,17853.87,2005-06
MINISTRY OF HUMAN RESOURCE DEVELOPMENT,22268.13,3150.6,22268.14,2005-06
MINISTRY OF INFORMATION AND BROADCASTING,1329.03,1348.97,1603,2005-06
MINISTRY OF LABOUR AND EMPLOYMENT,1192.09,972.61,1192.09,2005-06
MINISTRY OF LAW AND JUSTICE,544.11,325.13,545.13,2005-06
MINISTRY OF NEW AND RENEWABLE ENERGY,535.33,75.68,605.38,2005-06
MINISTRY OF OVERSEAS INDIAN AFFAIRS,32,35,35,2005-06
MINISTRY OF PANCHAYATI RAJ,50.44,0.44,50.44,2005-06
DEPARTMENT OF OCEAN DEVELOPMENT,377,37,377,2005-06
MINISTRY OF PARLIAMENTARY AFFAIRS,5.9,5.9,5.9,2005-06
"MINISTRY OF PERSONNEL, PUBLIC GRIEVANCES AND PENSIONS",273.84,250.09,304,2005-06
MINISTRY OF PETROLEUM AND NATURAL GAS,3669,3669,3669,2005-06
MINISTRY OF PLANNING,106.8,31.8,106.8,2005-06
MINISTRY OF POWER,409.72,2713.68,3061.7,2005-06
"THE PRESIDENT, PARLIAMENT, UNION PUBLIC SERVICE COMMISSION AND THE SECRETARIAT OF THE VICE-PRESIDENT",378.74,378.74,378.74,2005-06
MINISTRY OF RURAL DEVELOPMENT,24499.94,29.52,24504.73,2005-06
MINISTRY OF SCIENCE AND TECHNOLOGY,3478.58,1290.92,3651.6,2005-06
MINISTRY OF ROAD TRANSPORT AND HIGHWAYS,7333.89,9655.15,14910.28,2005-06
"MINISTRY OF MICRO, SMALL AND MEDIUM ENTERPRISES",442.1,69.59,460.3,2005-06
MINISTRY OF SOCIAL JUSTICE AND EMPOWERMENT,1481.6,184.1,1599.7,2005-06
DEPARTMENT OF SPACE,2540.16,955.84,3148,2005-06
MINISTRY OF STATISTICS AND PROGRAMME IMPLEMENTATION,1817.76,169.52,1839.99,2005-06
MINISTRY OF STEEL,72.53,89.53,89.53,2005-06
MINISTRY OF TEXTILES,1537.92,868.23,2008.25,2005-06
MINISTRY OF TOURISM AND CULTURE,338.95,527.95,828.2,2005-06
MINISTRY OF TRIBAL AFFAIRS,1473.73,46.93,1509.74,2005-06
UNION TERRITORIES (WITHOUT LEGISLATURE),2780.75,2673.37,3131.91,2005-06
MINISTRY OF HOUSING AND URBAN AFFAIRS,2167.83,1885.15,3180.05,2005-06
MINISTRY OF HOUSING AND URBAN AFFAIRS,506.42,12.03,512.03,2005-06
"MINISTRY OF WATER RESOURCES, RIVER DEVELOPMENT AND GANGA REJUVENATION",811.82,298.7,874.56,2005-06
MINISTRY OF YOUTH AFFAIRS AND SPORTS,498.85,76.11,506.99,2005-06
MINISTRY OF RAILWAYS,0,6520,6520,2005-06
GRAND TOTAL,446512.1,67831.7,514343.8,2005-06
MINISTRY OF CHEMICALS AND FERTILISERS,8729.7,394.38,9124.08,2000-01
MINISTRY OF CIVIL AVIATION,176.75,45.25,222,2000-01
MINISTRY OF COMMERCE AND INDUSTRY,1729.98,83.75,1813.73,2000-01
MINISTRY OF COMMUNICATIONS,2057.96,76.54,2134.5,2000-01
"MINISTRY OF CULTURE, YOUTH AFFAIRS & SPOR",680.37,1.88,682.25,2000-01
MINISTRY OF DEFENCE,52983.84,17963.95,70947.79,2000-01
DEPARTMENT OF DISINVESTMENT,4.15,0,4.15,2000-01
"MINISTRY OF ENVIRONMENT, FORESTS AND CLIMATE CHANGE",949.05,15.95,965,2000-01
MINISTRY OF EXTERNAL AFFAIRS,2220.7,405.02,2625.72,2000-01
MINISTRY OF FINANCE,0,20172.16,158765.45,2000-01
"MINISTRY OF CONSUMER AFFAIRS, FOOD AND PUBLIC DISTRIBUTION",8524.75,39.05,8563.8,2000-01
MINISTRY OF HEALTH AND FAMILY WELFARE,5859.49,-6.66,5852.83,2000-01
MINISTRY OF HOME AFFAIRS,9634.57,1325.09,10959.66,2000-01
MINISTRY OF HUMAN RESOURCE DEVELOPMENT,9896.76,0.22,9896.98,2000-01
MINISTRY OF HEAVY INDUSTRIES AND PUBLIC ENTERPRISES,110.53,353.9,464.43,2000-01
MINISTRY OF ELECTRONICS AND INFORMATION TECHNOLOGY,343.03,49.17,392.2,2000-01
MINISTRY OF LABOUR AND EMPLOYMENT,903.01,0,903.01,2000-01
MINISTRY OF LAW AND JUSTICE,514.19,2.9,517.09,2000-01
MINISTRY OF COAL AND MINES,850.97,782.63,1633.6,2000-01
MINISTRY OF NEW AND RENEWABLE ENERGY,330.75,113.55,444.3,2000-01
MINISTRY OF PARLIAMENTARY AFFAIRS,4.82,0,4.82,2000-01
"MINISTRY OF PERSONNEL, PUBLIC GRIEVANCES AND PENSIONS",187.43,11.9,199.33,2000-01
MINISTRY OF PETROLEUM AND NATURAL GAS,7.54,0,7.54,2000-01
MINISTRY OF PLANNING,41.06,8.94,50,2000-01
MINISTRY OF POWER,517.44,2179.27,2696.71,2000-01
MINISTRY OF RURAL DEVELOPMENT,9681.18,100,9781.18,2000-01
MINISTRY OF SCIENCE AND TECHNOLOGY,1860.1,26.17,1886.27,2000-01
MINISTRY OF SMALL SCALE INDUSTRIES AND AG RURAL INDUTRIES,863.24,43.89,907.13,2000-01
MINISTRY OF STATISTICS AND PROGRAMME IMPLEMENTATION,1802.1,66.95,1869.05,2000-01
MINISTRY OF STEEL,46.23,17.5,63.73,2000-01
MINISTRY OF SURFACE TRANSPORT,2772.84,5249.23,8022.07,2000-01
MINISTRY OF TEXTILES,615.56,595.74,1211.3,2000-01
MINISTRY OF TOURISM AND CULTURE,153.19,8.85,162.04,2000-01
MINISTRY OF TRIBAL AFFAIRS,808.97,3.6,812.57,2000-01
MINISTRY OF HOUSING AND URBAN AFFAIRS,1146.58,748.85,1895.43,2000-01
MINISTRY OF HOUSING AND URBAN AFFAIRS,234.01,165,399.01,2000-01
"MINISTRY OF WATER RESOURCES, RIVER DEVELOPMENT AND GANGA REJUVENATION",612.67,69.25,681.92,2000-01
MINISTRY OF SOCIAL JUSTICE AND EMPOWERMENT,1220.03,187.36,1407.39,2000-01
DEPARTMENT OF ATOMIC ENERGY,1048.4,1702.17,2750.57,2000-01
DEPARTMENT OF OCEAN DEVELOPMENT,155.6,2.4,158,2000-01
DEPARTMENT OF SPACE,1666.11,353.11,2019.22,2000-01
"THE PRESIDENT, PARLIAMENT, UNION PUBLIC SERVICE COMMISSION AND THE SECRETARIAT OF THE VICE-PRESIDENT",228.16,0,228.16,2000-01
UNION TERRITORIES (WITHOUT LEGISLATURE),1388.17,331.46,1719.63,2000-01
MINISTRY OF RAILWAYS,0,3291,3291,2000-01
GRAND TOTAL,0,57388.61,338486.66,2000-01
DEPARTMENT OF ATOMIC ENERGY,5528.96,4304.36,9833.32,2013-14
MINISTRY OF CHEMICALS AND FERTILISERS,67547.13,293.21,67840.34,2013-14
MINISTRY OF CIVIL AVIATION,852.38,5029.8,5882.18,2013-14
MINISTRY OF COAL AND MINES,497.7,0,497.7,2013-14
MINISTRY OF COMMERCE AND INDUSTRY,5791.29,1316,7107.29,2013-14
MINISTRY OF COMMUNICATIONS,19159.14,3123.09,22282.23,2013-14
"MINISTRY OF CONSUMER AFFAIRS, FOOD AND PUBLIC DISTRIBUTION",91530.17,61.28,91591.45,2013-14
MINISTRY OF CORPORATE AFFAIRS,225.36,29.92,255.28,2013-14
MINISTRY OF TOURISM AND CULTURE,2023,39,2062,2013-14
MINISTRY OF DEFENCE,164766.8,88579.11,253345.91,2013-14
MINISTRY OF DEVELOPMENT OF NORTH EASTERN REGION,1847.97,183,2030.97,2013-14
MINISTRY OF DRINKING WATER AND SANITATION,15265.7,0,15265.7,2013-14
MINISTRY OF EARTH SCIENCES,1488.89,201.11,1690,2013-14
"MINISTRY OF ENVIRONMENT, FORESTS AND CLIMATE CHANGE",2561.13,69.07,2630.2,2013-14
MINISTRY OF EXTERNAL AFFAIRS,9950.5,1768.5,11719,2013-14
MINISTRY OF FINANCE,580517.81,49688.05,630205.86,2013-14
MINISTRY OF FOOD PROCESSING INDUSTRIES,719.11,0,719.11,2013-14
MINISTRY OF HEALTH AND FAMILY WELFARE,34442.93,2887.07,37330,2013-14
MINISTRY OF HEAVY INDUSTRIES AND PUBLIC ENTERPRISES,480.8,567.56,1048.36,2013-14
MINISTRY OF HOME AFFAIRS,49900.37,9341.26,59241.63,2013-14
MINISTRY OF HOUSING AND URBAN AFFAIRS,1468.02,0,1468.02,2013-14
MINISTRY OF HUMAN RESOURCE DEVELOPMENT,79451,0,79451,2013-14
MINISTRY OF INFORMATION AND BROADCASTING,3006.85,28.8,3035.65,2013-14
MINISTRY OF LABOUR AND EMPLOYMENT,5070.07,11.13,5081.2,2013-14
MINISTRY OF LAW AND JUSTICE,2002.36,11.02,2013.38,2013-14
"MINISTRY OF MICRO, SMALL AND MEDIUM ENTERPRISES",3210.91,78.8,3289.71,2013-14
MINISTRY OF COAL AND MINES,744.55,246.53,991.08,2013-14
MINISTRY OF MINORITY AFFAIRS,3410.98,120,3530.98,2013-14
MINISTRY OF NEW AND RENEWABLE ENERGY,1434.05,99.5,1533.55,2013-14
MINISTRY OF OVERSEAS INDIAN AFFAIRS,95.79,20,115.79,2013-14
MINISTRY OF PANCHAYATI RAJ,7000.7,0,7000.7,2013-14
MINISTRY OF PARLIAMENTARY AFFAIRS,13.28,0,13.28,2013-14
"MINISTRY OF PERSONNEL, PUBLIC GRIEVANCES AND PENSIONS",889.87,130.07,1019.94,2013-14
MINISTRY OF PETROLEUM AND NATURAL GAS,65187.41,1,65188.41,2013-14
MINISTRY OF PLANNING,7181.51,900,8081.51,2013-14
MINISTRY OF POWER,7769.02,2304.05,10073.07,2013-14
"THE PRESIDENT, PARLIAMENT, UNION PUBLIC SERVICE COMMISSION AND THE SECRETARIAT OF THE VICE-PRESIDENT",1033.53,0,1033.53,2013-14
MINISTRY OF ROAD TRANSPORT AND HIGHWAYS,13969.94,17332.2,31302.14,2013-14
MINISTRY OF RURAL DEVELOPMENT,80250.5,0,80250.5,2013-14
MINISTRY OF SCIENCE AND TECHNOLOGY,8224.48,32.85,8257.33,2013-14
MINISTRY OF SHIPPING,1172.28,540.39,1712.67,2013-14
MINISTRY OF SOCIAL JUSTICE AND EMPOWERMENT,6420.32,305,6725.32,2013-14
DEPARTMENT OF SPACE,3052.69,3739.31,6792,2013-14
MINISTRY OF STATISTICS AND PROGRAMME IMPLEMENTATION,4935.53,16.15,4951.68,2013-14
MINISTRY OF STEEL,112.87,0,112.87,2013-14
MINISTRY OF TEXTILES,5423.92,7.67,5431.59,2013-14
MINISTRY OF TOURISM AND CULTURE,1355.3,2,1357.3,2013-14
MINISTRY OF TRIBAL AFFAIRS,4225.94,70,4295.94,2013-14
UNION TERRITORIES (WITHOUT LEGISLATURE),6902.77,1833.75,8736.52,2013-14
MINISTRY OF HOUSING AND URBAN AFFAIRS,2832.82,7530.93,10363.75,2013-14
"MINISTRY OF WATER RESOURCES, RIVER DEVELOPMENT AND GANGA REJUVENATION",1877.3,199.25,2076.55,2013-14
MINISTRY OF WOMEN AND CHILD DEVELOPMENT,20440,0,20440,2013-14
MINISTRY OF YOUTH AFFAIRS AND SPORTS,1218.1,0.9,1219,2013-14
MINISTRY OF RAILWAYS,0,26000,26000,2013-14
GRAND TOTAL,542468.73,229128.59,1665297.32,2013-14
DEPARTMENT OF ATOMIC ENERGY,5860.31,5051.69,10912,2015-16
"MINISTRY OF AYURVEDA, YOGA AND NATUROPATHY, UNANI, SIDDHA AND HOMOEOPATHY (AYUSH)",1197,17,1214,2015-16
MINISTRY OF CIVIL AVIATION,813.3,2528.2,3341.5,2015-16
MINISTRY OF COAL AND MINES,606,0,606,2015-16
MINISTRY OF COMMERCE AND INDUSTRY,7603.59,104.11,7707.7,2015-16
MINISTRY OF COMMUNICATIONS,20169,3074.3,23243.3,2015-16
"MINISTRY OF CONSUMER AFFAIRS, FOOD AND PUBLIC DISTRIBUTION",125365.82,107.95,125473.77,2015-16
MINISTRY OF CORPORATE AFFAIRS,242.78,29.1,271.88,2015-16
MINISTRY OF TOURISM AND CULTURE,2091.5,77.5,2169,2015-16
MINISTRY OF DEFENCE,211903.57,98176.03,310079.6,2015-16
MINISTRY OF DEVELOPMENT OF NORTH EASTERN REGION,2205.74,157,2362.74,2015-16
MINISTRY OF DRINKING WATER AND SANITATION,6243.87,0,6243.87,2015-16
MINISTRY OF EARTH SCIENCES,1494.68,125.02,1619.7,2015-16
"MINISTRY OF ENVIRONMENT, FORESTS AND CLIMATE CHANGE",1632.81,48.79,1681.6,2015-16
MINISTRY OF EXTERNAL AFFAIRS,11238.03,3728.8,14966.83,2015-16
MINISTRY OF FINANCE,655141.36,24819.62,679960.98,2015-16
MINISTRY OF FOOD PROCESSING INDUSTRIES,505.51,0,505.51,2015-16
MINISTRY OF HEALTH AND FAMILY WELFARE,31150.82,917.35,32068.17,2015-16
MINISTRY OF HEAVY INDUSTRIES AND PUBLIC ENTERPRISES,294.73,1349,1643.73,2015-16
MINISTRY OF HOME AFFAIRS,59022.73,9421.37,68444.1,2015-16
MINISTRY OF HOUSING AND URBAN AFFAIRS,5634.47,0,5634.47,2015-16
MINISTRY OF HUMAN RESOURCE DEVELOPMENT,69074.76,0,69074.76,2015-16
MINISTRY OF INFORMATION AND BROADCASTING,3686.11,25,3711.11,2015-16
MINISTRY OF LABOUR AND EMPLOYMENT,5315.22,46.15,5361.37,2015-16
MINISTRY OF LAW AND JUSTICE,3651.9,106.75,3758.65,2015-16
"MINISTRY OF MICRO, SMALL AND MEDIUM ENTERPRISES",2997.12,10.3,3007.42,2015-16
MINISTRY OF COAL AND MINES,1100.93,54.78,1155.71,2015-16
MINISTRY OF MINORITY AFFAIRS,3618.11,120,3738.11,2015-16
MINISTRY OF NEW AND RENEWABLE ENERGY,208.21,95,303.21,2015-16
MINISTRY OF OVERSEAS INDIAN AFFAIRS,106.17,12,118.17,2015-16
MINISTRY OF PANCHAYATI RAJ,94.75,0,94.75,2015-16
MINISTRY OF PARLIAMENTARY AFFAIRS,15.57,0,15.57,2015-16
"MINISTRY OF PERSONNEL, PUBLIC GRIEVANCES AND PENSIONS",1058.33,123.25,1181.58,2015-16
MINISTRY OF PETROLEUM AND NATURAL GAS,30124.55,1,30125.55,2015-16
MINISTRY OF PLANNING,1846.85,364.78,2211.63,2015-16
MINISTRY OF POWER,5766.63,959.3,6725.93,2015-16
"THE PRESIDENT, PARLIAMENT, UNION PUBLIC SERVICE COMMISSION AND THE SECRETARIAT OF THE VICE-PRESIDENT",1186.04,0,1186.04,2015-16
MINISTRY OF ROAD TRANSPORT AND HIGHWAYS,12703,33048.65,45751.65,2015-16
MINISTRY OF RURAL DEVELOPMENT,73332.58,0,73332.58,2015-16
MINISTRY OF SCIENCE AND TECHNOLOGY,9467.02,24.82,9491.84,2015-16
MINISTRY OF SHIPPING,1143.71,296.08,1439.79,2015-16
MINISTRY OF SKILL DEVELOPMENT AND ENTREPRENUERSHIP,1543.46,0,1543.46,2015-16
MINISTRY OF SOCIAL JUSTICE AND EMPOWERMENT,6664.52,497.24,7161.76,2015-16
DEPARTMENT OF SPACE,3923.29,3464.9,7388.19,2015-16
MINISTRY OF STATISTICS AND PROGRAMME IMPLEMENTATION,4816.72,10.15,4826.87,2015-16
MINISTRY OF STEEL,82.95,0,82.95,2015-16
MINISTRY OF TEXTILES,4136.1,138.7,4274.8,2015-16
MINISTRY OF TOURISM AND CULTURE,1568.02,5.05,1573.07,2015-16
MINISTRY OF TRIBAL AFFAIRS,4749.21,70,4819.21,2015-16
UNION TERRITORIES (WITHOUT LEGISLATURE),8152.37,1873.88,10026.25,2015-16
MINISTRY OF HOUSING AND URBAN AFFAIRS,9148.54,10068.33,19216.87,2015-16
"MINISTRY OF WATER RESOURCES, RIVER DEVELOPMENT AND GANGA REJUVENATION",4094.71,137.72,4232.43,2015-16
MINISTRY OF WOMEN AND CHILD DEVELOPMENT,10382.4,0,10382.4,2015-16
MINISTRY OF YOUTH AFFAIRS AND SPORTS,1540.23,0.9,1541.13,2015-16
MINISTRY OF RAILWAYS,0,40000,40000,2015-16
GRAND TOTAL,1536046.4,241430.64,1777477.04,2015-16
