Ministry,Plan Revenue,Plan Capital,Plan Total,Non Plan Revenue,Non Plan Capital,Non Plan Total,Total,year,Revenue,Capital
MINISTRY OF AGRICULTURE 2723.74,220.81,,2944.55,5021.01,0.46,5021.47 7966.02,,2000-01,,
MINISTRY OF CHEMICALS AND FERTILISERS 43.48,193.52,,237.00,8686.22,200.86,8887.08 9124.08,,2000-01,,
MINISTRY OF CIVIL AVIATION 9.75,45.25,,55.00,167.00,...,167.00 222.00,,2000-01,,
MINISTRY OF COMMERCE AND INDUSTRY 775.07,83.75,,858.82,954.91,...,954.91 1813.73,,2000-01,,
MINISTRY OF COMMUNICATIONS 49.02,87.03,,136.05,2008.94,-10.49,1998.45 2134.50,,2000-01,,
"MINISTRY OF CULTURE, YOUTH AFFAIRS & SPORTS375.40",1.85,,377.25,304.97,0.03,305.00 682.25,,2000-01,,
MINISTRY OF DEFENCE,......,...,,52983.84 17963.95,,70947.79 70947.79,,2000-01,,
DEPARTMENT OF DISINVESTMENT,......,...,,4.15 ...,,4.15 4.15,,2000-01,,
MINISTRY OF ENVIRONMENT AND FORESTS,834.05 15.95,850.00,,115.00 ...,,115.00 965.00,,2000-01,,
MINISTRY OF EXTERNAL AFFAIRS,345.00 230.00,575.00,,1875.70 175.02,,2050.72 2625.72,,2000-01,,
MINISTRY OF FINANCE,####### 19174.66 32823.24,,,######## 997.50,,######## 158765.45,,2000-01,,
MINISTRY OF CONSUMER AFFAIRS AND PUBLIC DIST2R4.I7B0UTIO43N.30,,,68.00,8500.05,-4.25,8495.80,8563.80,2000-01,,
MINISTRY OF HEALTH AND FAMILY WELFARE 4897.85,0.01,,4897.86,961.64,-6.67,954.97,5852.83,2000-01,,
MINISTRY OF HOME AFFAIRS 449.96,654.70,1104.66,9184.61,670.39,9855.00,10959.66,,2000-01,,
MINISTRY OF HUMAN RESOURCE DEVELOPMENT 6908.82,,0.22,,6909.04,2987.94,...,2987.94 9896.98,2000-01,,
MINISTRY OF HEAVY INDUSTRIES AND PUBLIC ENTER3.P7R5ISE1S34.25,,,,138.00,106.78,219.65,326.43 464.43,2000-01,,
MINISTRY OF INFORMATION AND BROADCASTING,83.53,186.47,,270.00,1114.00,...,1114.00 1384.00,2000-01,,
MINISTRY OF INFORMATION TECHNOLOGY,316.03,49.17,,365.20,27.00,...,27.00 392.20,2000-01,,
MINISTRY OF LABOUR,98.00,...,,98.00,805.01,...,805.01 903.01,2000-01,,
"MINISTRY OF LAW, JUSTICE AND COMPANY AFFAIRS75.00",,...,,75.00,439.19,2.90,442.09 517.09,2000-01,,
MINISTRY OF MINES AND MINERALS 452.37,,670.63,1123.00,398.60,112.00,510.60 1633.60,,2000-01,,
MINISTRY OF NON-CONVENTIONAL ENERGY SOURC32E5S.45,,113.55,439.00,5.30,...,5.30 444.30,,2000-01,,
MINISTRY OF PARLIAMENTARY AFFAIRS ...,,...,...,4.82,...,4.82 4.82,,2000-01,,
"MINISTRY OF PERSONNEL, PUBLIC 18.43 GRIEVANCES AND PENSIONS",,0.90,19.33,169.00,11.00,180.00 199.33,,2000-01,,
MINISTRY OF PETROLEUM AND NATURAL GAS ...,,...,...,7.54,...,7.54 7.54,,2000-01,,
MINISTRY OF PLANNING 11.06,,8.94,20.00,30.00,...,30.00 50.00,,2000-01,,
MINISTRY OF POWER 461.70,,2179.27,2640.97,55.74,...,55.74 2696.71,,2000-01,,
MINISTRY OF RURAL DEVELOPMENT 9660.00,,100.00,9760.00,21.18,...,21.18 9781.18,,2000-01,,
MINISTRY OF SCIENCE AND TECHNOLOGY 807.77,24.23,,832.00,1052.33,1.94,1054.27 1886.27,,2000-01,,
MINISTRY OF SMALL SCALE INDUSTRIES AND AGRO72 A9.N47D RURAL INDUTRIES,42.08,,771.55,133.77,1.81,135.58 907.13,,2000-01,,
MINISTRY OF STATISTICS AND PROGRAMME IMPL1E6M73E.0N5TAT6I6O.9N5,,,1740.00,129.05,...,129.05 1869.05,,2000-01,,
MINISTRY OF STEEL 1.50,13.50,,15.00,44.73,4.00,48.73 63.73,,2000-01,,
MINISTRY OF SURFACE  TRANSPORT 1133.37,5038.13,,6171.50,1639.47,211.10,1850.57 8022.07,,2000-01,,
MINISTRY OF TEXTILES 438.51,18.49,,457.00,177.05,577.25,754.30 1211.30,,2000-01,,
MINISTRY OF TOURISM 126.15,8.85,,135.00,27.04,...,27.04 162.04,,2000-01,,
MINISTRY OF TRIBAL AFFAIRS 806.40,3.60,810.00,,2.57,...,2.57 812.57,,2000-01,,
MINISTRY OF URBAN DEVELOPMENT 379.47,520.96,900.43,,767.11,227.89,995.00 1895.43,,2000-01,,
MINISTRY OF URBAN EMPLOYMENT AND POVERTY2 A24L.5L0EVI1A5T5.I0O0N,,379.50,,9.51,10.00,19.51 399.01,,2000-01,,
MINISTRY OF WATER RESOURCES 413.17,62.25,475.42,,199.50,7.00,206.50 681.92,,2000-01,,
MINISTRY OF SOCIAL JUSTICE AND EMPOWERMEN11T64.64,185.36,1350.00,,55.39,2.00,57.39 1407.39,,2000-01,,
DEPARTMENT OF ATOMIC ENERGY 158.40,1395.60,1554.00,,890.00,306.57,1196.57 2750.57,,2000-01,,
DEPARTMENT OF OCEAN DEVELOPMENT 132.60,2.40,135.00,,23.00,...,23.00 158.00,,2000-01,,
DEPARTMENT OF SPACE 1346.89,353.11,1700.00,,319.22,...,319.22 2019.22,,2000-01,,
"THE PRESIDENT, PARLIAMENT, UNION PUBLIC ...",...,...,,228.16 ...,,228.16 228.16,,2000-01,,
UNION TERRITORIES WITHOUT LEGISLATURE 203.09,394.54,597.63,,1185.08 -63.08,,1122.00 1719.63,,2000-01,,
RAILWAYS ** ...,3291.00,3291.00,,......,,...3291.00,,2000-01,,
GRAND TOTAL ####### 35770.28 88100.00,,,,######## 21618.83,,######## 338486.66,,2000-01,,
MINISTRY OF AGRICULTURE,2641.13,382.87,3024.00,868.82,0.63,869.45,3893.45,2001-02,,
MINISTRY OF CHEMICALS AND FERTILISERS,60.41,195.59,256.00,14201.36,237.60,14438.96,14694.96,2001-02,,
MINISTRY OF CIVIL AVIATION,4.40,58.60,63.00,214.93,...,214.93,277.93,2001-02,,
MINISTRY OF COAL,286.93,365.07,652.00,152.50,...,152.50,804.50,2001-02,,
MINISTRY OF COMMERCE AND INDUSTRY,614.73,100.62,715.35,1002.51,...,1002.51,1717.86,2001-02,,
MINISTRY OF COMMUNICATIONS,191.24,107.36,298.60,1510.49,-10.99,1499.50,1798.10,2001-02,,
MINISTRY OF DEFENCE,...,...,...,53147.73,19996.95,73144.68,73144.68,2001-02,,
DEPARTMENT OF DISINVESTMENT,...,...,...,4.04,...,4.04,4.04,2001-02,,
MINISTRY OF ENVIRONMENT AND FORESTS,740.80,59.20,800.00,111.00,...,111.00,911.00,2001-02,,
MINISTRY OF EXTERNAL AFFAIRS,272.00,148.00,420.00,2263.73,199.66,2463.39,2883.39,2001-02,,
MINISTRY OF FINANCE,14708.40,23634.10,38342.50,138875.64,1375.48 140251.12,178593.62,,2001-02,,
"MINISTRY OF CONSUMER AFFAIRS, FOOD AND PUBLIC DISTRIBUTION",18.65,39.64,58.29,13975.75,4.73 13980.48,14038.77,,2001-02,,
MINISTRY OF HEALTH AND FAMILY WELFARE,5508.29,254.45,5762.74,996.02,-6.67 989.35,6752.09,,2001-02,,
MINISTRY OF HOME AFFAIRS,449.86,698.14,1148.00,10044.03,1251.25 11295.28,12443.28,,2001-02,,
MINISTRY OF HUMAN RESOURCE DEVELOPMENT,7568.58,0.42,7569.00,2559.43,... 2559.43,10128.43,,2001-02,,
MINISTRY OF HEAVY INDUSTRIES AND PUBLIC ENTERPRISES,79.21,106.79,186.00,98.11,385.60 483.71,669.71,,2001-02,,
MINISTRY OF INFORMATION AND BROADCASTING,158.19,181.81,340.00,1132.00,... 1132.00,1472.00,,2001-02,,
MINISTRY OF INFORMATION TECHNOLOGY,319.40,105.60,425.00,27.20,... 27.20,452.20,,2001-02,,
MINISTRY OF LABOUR,128.58,6.06,134.64,891.24,...,891.24,1025.88,2001-02,,
"MINISTRY OF LAW, JUSTICE AND COMPANY AFFAIRS",91.20,4.80,96.00,424.37,1.00,425.37,521.37,2001-02,,
MINISTRY OF MINES,149.87,32.13,182.00,267.46,119.00,386.46,568.46,2001-02,,
MINISTRY OF NON-CONVENTIONAL ENERGY SOURCES,414.80,167.45,582.25,5.32,...,5.32,587.57,2001-02,,
MINISTRY OF PARLIAMENTARY AFFAIRS,...,...,...,4.64,...,4.64,4.64,2001-02,,
"MINISTRY OF PERSONNEL, PUBLIC GRIEVANCES AND PENSIONS",45.69,1.31,47.00,167.33,10.28,177.61,224.61,2001-02,,
MINISTRY OF PETROLEUM AND NATURAL GAS,...,...,...,7.21,...,7.21,7.21,2001-02,,
MINISTRY OF PLANNING,61.02,15.00,76.02,30.50,...,30.50,106.52,2001-02,,
MINISTRY OF POWER,517.91,2770.09,3288.00,53.80,...,53.80,3341.80,2001-02,,
MINISTRY OF RURAL DEVELOPMENT,12165.00,100.00,12265.00,21.83,...,21.83,12286.83,2001-02,,
MINISTRY OF SCIENCE AND TECHNOLOGY,889.70,45.30,935.00,1036.85,1.93,1038.78,1973.78,2001-02,,
MINISTRY OF SMALL SCALE INDUSTRIES AND AGRO AND RURAL INDUSTRIES,776.53,21.03,797.56,140.68,2.10,142.78,940.34,2001-02,,
MINISTRY OF STATISTICS AND PROGRAMME IMPLEMENTATION,1673.41,66.59,1740.00,143.66,...,143.66,1883.66,2001-02,,
MINISTRY OF STEEL,10.00,14.00,24.00,62.41,2.00,64.41,88.41,2001-02,,
MINISTRY OF ROAD TRANSPORT AND HIGHWAYS,3194.89,2894.60,6089.49,1426.15,254.94,1681.09,7770.58,2001-02,,
MINISTRY OF SHIPPING,115.10,290.65,405.75,434.10,...,434.10,839.85,2001-02,,
MINISTRY OF TEXTILES,631.95,18.05,650.00,167.40,492.90,660.30,1310.30,2001-02,,
MINISTRY OF TOURISM AND CULTURE,294.56,45.89,340.45,271.49,...,271.49,611.94,2001-02,,
MINISTRY OF TRIBAL AFFAIRS,1010.00,30.00,1040.00,4.66,...,4.66,1044.66,2001-02,,
MINISTRY OF URBAN DEVELOPMENT AND POVERTY ALLEVIATION,577.30,716.06,1293.36,796.11,195.15,991.26,2284.62,2001-02,,
MINISTRY OF WATER RESOURCES,466.26,33.74,500.00,212.37,16.00,228.37,728.37,2001-02,,
MINISTRY OF SOCIAL JUSTICE AND EMPOWERMENT,1252.03,97.97,1350.00,53.06,2.20,55.26,1405.26,2001-02,,
MINISTRY OF YOUTH AFFAIRS AND SPORTS,253.20,1.80,255.00,59.97,0.03,60.00,315.00,2001-02,,
DEPARTMENT OF ATOMIC ENERGY,223.93,1668.07,1892.00,576.04,311.35,887.39,2779.39,2001-02,,
DEPARTMENT OF OCEAN DEVELOPMENT,139.60,2.40,142.00,26.80,...,26.80,168.80,2001-02,,
DEPARTMENT OF SPACE,1288.46,421.54,1710.00,320.00,...,320.00,2030.00,2001-02,,
"THE PRESIDENT, PARLIAMENT, UNION PUBLIC SERVICE COMMISSION AND THE SECRETARIAT OF THE VICE- PRESIDENT",...,...,...,250.83,...,250.83,250.83,2001-02,,
UNION TERRITORIES WITHOUT LEGISLATURE,,232.25,431.75,664.00,1299.25,-61.41,1237.84,2001-02,,
RAILWAYS **,,...,3540.00,3540.00,...,...,...,2001-02,,
GRAND TOTAL,,60225.46,39874.54,100100.00,250340.82,24781.71,275122.53,2001-02,,
MINISTRY OF AGRICULTURE AND FARMERSÂ’ WELFARE,,,,,,,51026.00,2017-18,50903.05,122.95
DEPARTMENT OF ATOMIC ENERGY,,,,,,,12461.20,2017-18,7264.02,5197.18
"MINISTRY OF AYURVEDA, YOGA AND NATUROPATHY, UNANI, SIDDHA AND HOMOEOPATHY (AYUSH)",,,,,,,1428.65,2017-18,1425.35,3.30
MINISTRY OF CHEMICALS  AND FERTILISERS,,,,,,,70578.45,2017-18,70553.74,24.71
MINISTRY OF CIVIL AVIATION,,,,,,,2702.00,2017-18,781.30,1920.70
MINISTRY OF COAL,,,,,,,745.10,2017-18,745.10,...
MINISTRY OF COMMERCE  AND INDUSTRY,,,,,,,8074.70,2017-18,7913.80,160.90
MINISTRY OF COMMUNICATIONS,,,,,,,36237.47,2017-18,32356.47,3881.00
"MINISTRY OF CONSUMER AFFAIRS, FOOD AND PUBLIC DISTRIBUTION",,,,,,,154231.69,2017-18,154162.29,69.40
MINISTRY OF CORPORATE AFFAIRS,,,,,,,448.04,2017-18,418.54,29.50
MINISTRY OF CULTURE,,,,,,,2738.47,2017-18,2661.79,76.68
MINISTRY OF DEFENCE,,,,,,,359854.12,2017-18,268274.42,91579.70
MINISTRY OF DEVELOPMENT  OF NORTH EASTERN REGION,,,,,,,2682.45,2017-18,2084.45,598.00
MINISTRY OF DRINKING WATER AND SANITATION,,,,,,,20010.79,2017-18,20010.79,...
MINISTRY OF EARTH SCIENCES,,,,,,,1719.48,2017-18,1604.48,115.00
MINISTRY OF ELECTRONICS AND INFORMATION TECHNOLOGY,,,,,,,4039.00,2017-18,3690.00,349.00
"MINISTRY OF ENVIRONMENT, FORESTS AND CLIMATE CHANGE",,,,,,,2675.42,2017-18,2635.39,40.03
MINISTRY OF EXTERNAL AFFAIRS,,,,,,,14798.55,2017-18,12648.29,2150.26
MINISTRY OF FINANCE,,,,,,,740168.99,2017-18,699102.99,41066.00
MINISTRY OF FOOD PROCESSING  INDUSTRIES,,,,,,,800.00,2017-18,800.00,...
MINISTRY OF HEALTH AND FAMILY WELFARE,,,,,,,48852.51,2017-18,45343.70,3508.81
MINISTRY OF HEAVY INDUSTRIES AND PUBLIC ENTERPRISES,,,,,,,2619.38,2017-18,1004.37,1615.01
MINISTRY OF HOME AFFAIRS,,,,,,,97187.17,2017-18,83945.43,13241.74
MINISTRY OF HOUSING AND URBAN POVERTY ALLEVIATION,,,,,,,6406.00,2017-18,6406.00,...
MINISTRY OF HUMAN RESOURCE DEVELOPMENT,,,,,,,79685.95,2017-18,79435.95,250.00
MINISTRY OF INFORMATION AND BROADCASTING,,,,,,,4409.00,2017-18,4379.90,29.10
MINISTRY OF LABOUR AND EMPLOYMENT,,,,,,,7188.38,2017-18,7165.53,22.85
MINISTRY OF LAW AND JUSTICE,,,,,,,4536.66,2017-18,3432.39,1104.27
"MINISTRY OF MICRO, SMALL AND MEDIUM ENTERPRISES",,,,,,,6481.96,2017-18,6471.36,10.60
MINISTRY OF MINES,,,,,,,1213.49,2017-18,1054.65,158.84
MINISTRY OF MINORITY AFFAIRS,,,,,,,4195.48,2017-18,4025.48,170.00
MINISTRY OF NEW AND RENEWABLE ENERGY,,,,,,,5472.84,2017-18,5432.84,40.00
MINISTRY OF PANCHAYATI RAJ,,,,,,,790.79,2017-18,790.79,...
MINISTRY OF PARLIAMENTARY AFFAIRS,,,,,,,17.88,2017-18,17.88,...
"MINISTRY OF PERSONNEL, PUBLIC GRIEVANCES AND PENSIONS",,,,,,,1450.68,2017-18,1298.77,151.91
MINISTRY OF PETROLEUM AND NATURAL GAS,,,,,,,29157.57,2017-18,25310.37,3847.20
MINISTRY OF PLANNING,,,,,,,252.52,2017-18,252.09,0.43
MINISTRY OF POWER,,,,,,,13881.14,2017-18,10295.46,3585.68
"THE PRESIDENT, PARLIAMENT, UNION PUBLIC SERVICE COMMISSION AND THE SECRETARIAT  OF",,,,,,,1352.15,2017-18,1352.15,...
THE VICE PRESIDENT,,,,,,,,2017-18,,
MINISTRY OF RAILWAYS,,,,,,,55000.00,2017-18,...,55000.00
MINISTRY OF ROAD TRANSPORT AND HIGHWAYS,,,,,,,64900.00,2017-18,10723.17,54176.83
MINISTRY OF RURAL DEVELOPMENT,,,,,,,107758.24,2017-18,107752.99,5.25
MINISTRY OF SCIENCE AND TECHNOLOGY,,,,,,,11485.38,2017-18,11463.04,22.34
MINISTRY OF SHIPPING,,,,,,,1773.00,2017-18,1388.84,384.16
MINISTRY OF SKILL DEVELOPMENT AND ENTREPRENUERSHIP,,,,,,,3016.14,2017-18,2766.11,250.03
MINISTRY OF SOCIAL JUSTICE AND EMPOWERMENT,,,,,,,7763.00,2017-18,7412.04,350.96
DEPARMENT OF SPACE,,,,,,,9093.71,2017-18,4938.33,4155.38
MINISTRY OF STATISTICS AND PROGRAMME IMPLEMENTATION,,,,,,,4795.74,2017-18,4767.49,28.25
MINISTRY OF STEEL,,,,,,,44.14,2017-18,44.14,...
MINISTRY OF TEXTILES,,,,,,,6226.50,2017-18,6190.98,35.52
MINISTRY OF TOURISM,,,,,,,1840.77,2017-18,1839.69,1.08
MINISTRY OF TRIBAL AFFAIRS,,,,,,,5329.32,2017-18,5269.32,60.00
MINISTRY OF URBAN DEVELOPMENT,,,,,,,34211.84,2017-18,14879.48,19332.36
"MINISTRY OF WATER RESOURCES, RIVER DEVELOPMENT AND GANGA REJUVENATION",,,,,,,6887.00,2017-18,6102.51,784.49
MINISTRY OF WOMEN AND CHILD DEVELOPMENT,,,,,,,22094.67,2017-18,22056.02,38.65
MINISTRY OF YOUTH AFFAIRS AND SPORTS,,,,,,,1943.21,2017-18,1888.46,54.75
GRAND TOTAL,,,,,,,2146734.78,2017-18,1836933.98,309800.80
MINISTRY OF AGRICULTURE AND FARMERS' WELFARE,,,,,,,57600.00,2018-19,57442.41,157.59
DEPARTMENT OF ATOMIC ENERGY,,,,,,,13971.41,2018-19,7834.38,6137.03
"MINISTRY OF AYURVEDA, YOGA AND NATUROPATHY, UNANI, SIDDHA AND HOMOEOPATHY (AYUSH)",,,,,,,1626.37,2018-19,1602.67,23.70
MINISTRY OF CHEMICALS AND FERTILISERS,,,,,,,70586.57,2018-19,70586.47,0.10
MINISTRY OF CIVIL AVIATION,,,,,,,6602.86,2018-19,5881.86,721.00
MINISTRY OF COAL,,,,,,,770.91,2018-19,770.91,...
MINISTRY OF COMMERCE AND INDUSTRY,,,,,,,11391.93,2018-19,10172.26,1219.67
MINISTRY OF COMMUNICATIONS,,,,,,,39551.46,2018-19,33791.19,5760.27
"MINISTRY OF CONSUMER AFFAIRS, FOOD AND PUBLIC DISTRIBUTION",,,,,,,175944.27,2018-19,175471.58,472.69
MINISTRY OF CORPORATE AFFAIRS,,,,,,,564.15,2018-19,537.65,26.50
MINISTRY OF CULTURE,,,,,,,2843.32,2018-19,2764.28,79.04
MINISTRY OF DEFENCE,,,,,,,404364.71,2018-19,304800.85,99563.86
MINISTRY OF DEVELOPMENT  OF NORTH EASTERN REGION,,,,,,,3000.00,2018-19,2326.00,674.00
MINISTRY OF DRINKING WATER AND SANITATION,,,,,,,22356.60,2018-19,22356.60,...
MINISTRY OF EARTH SCIENCES,,,,,,,1800.00,2018-19,1700.00,100.00
MINISTRY OF ELECTRONICS AND INFORMATION TECHNOLOGY,,,,,,,6000.00,2018-19,5675.00,325.00
"MINISTRY OF ENVIRONMENT, FORESTS AND CLIMATE CHANGE",,,,,,,2675.42,2018-19,2586.67,88.75
MINISTRY OF EXTERNAL AFFAIRS,,,,,,,15011.00,2018-19,13374.50,1636.50
MINISTRY OF FINANCE,,,,,,,894706.82,2018-19,874818.17,19888.65
MINISTRY OF FOOD PROCESSING INDUSTRIES,,,,,,,1400.00,2018-19,1400.00,...
MINISTRY OF HEALTH AND FAMILY WELFARE,,,,,,,54600.00,2018-19,51879.60,2720.40
MINISTRY OF HEAVY INDUSTRIES AND PUBLIC ENTERPRISES,,,,,,,1146.17,2018-19,759.68,386.49
MINISTRY OF HOME AFFAIRS,,,,,,,107572.79,2018-19,94358.06,13214.73
MINISTRY OF HOUSING AND URBAN AFFAIRS,,,,,,,41765.13,2018-19,25349.73,16415.40
MINISTRY OF HUMAN RESOURCE DEVELOPMENT,,,,,,,85010.29,2018-19,82258.29,2752.00
MINISTRY OF INFORMATION AND BROADCASTING,,,,,,,4088.98,2018-19,4065.58,23.40
MINISTRY OF LABOUR AND EMPLOYMENT,,,,,,,7700.00,2018-19,7677.75,22.25
MINISTRY OF LAW AND JUSTICE,,,,,,,4905.35,2018-19,3086.05,1819.30
"MINISTRY OF MICRO, SMALL AND MEDIUM ENTERPRISES",,,,,,,6552.61,2018-19,6540.04,12.57
MINISTRY OF MINES,,,,,,,1669.52,2018-19,1499.30,170.22
MINISTRY OF MINORITY AFFAIRS,,,,,,,4700.00,2018-19,4534.96,165.04
MINISTRY OF NEW AND RENEWABLE ENERGY,,,,,,,5146.63,2018-19,5106.23,40.40
MINISTRY OF PANCHAYATI RAJ,,,,,,,825.17,2018-19,825.17,...
MINISTRY OF PARLIAMENTARY AFFAIRS,,,,,,,18.86,2018-19,18.86,...
"MINISTRY OF PERSONNEL, PUBLIC GRIEVANCES AND PENSIONS",,,,,,,1559.61,2018-19,1475.58,84.03
MINISTRY OF PETROLEUM AND NATURAL GAS,,,,,,,31100.55,2018-19,27391.55,3709.00
MINISTRY OF PLANNING,,,,,,,339.65,2018-19,338.97,0.68
MINISTRY OF POWER,,,,,,,15046.92,2018-19,12835.47,2211.45
"THE PRESIDENT, PARLIAMENT, UNION PUBLIC SERVICE COMMISSION AND THE SECRETARIAT  OF THE",,,,,,,1526.14,2018-19,1526.14,...
VICE PRESIDENT,,,,,,,,2018-19,,
MINISTRY OF RAILWAYS,,,,,,,55088.00,2018-19,2028.00,53060.00
MINISTRY OF ROAD TRANSPORT AND HIGHWAYS,,,,,,,71000.00,2018-19,11559.75,59440.25
MINISTRY OF RURAL DEVELOPMENT,,,,,,,114915.32,2018-19,114910.07,5.25
MINISTRY OF SCIENCE AND TECHNOLOGY,,,,,,,12322.28,2018-19,12245.78,76.50
MINISTRY OF SHIPPING,,,,,,,1881.13,2018-19,1519.47,361.66
MINISTRY OF SKILL DEVELOPMENT AND ENTREPRENEURSHIP,,,,,,,3400.00,2018-19,3141.00,259.00
MINISTRY OF SOCIAL JUSTICE AND EMPOWERMENT,,,,,,,8820.00,2018-19,8374.12,445.88
DEPARMENT OF SPACE,,,,,,,10783.42,2018-19,5496.18,5287.24
MINISTRY OF STATISTICS AND PROGRAMME IMPLEMENTATION,,,,,,,4859.00,2018-19,4844.00,15.00
MINISTRY OF STEEL,,,,,,,47.90,2018-19,47.90,...
MINISTRY OF TEXTILES,,,,,,,7147.73,2018-19,7109.84,37.89
MINISTRY OF TOURISM,,,,,,,2150.00,2018-19,2149.99,0.01
MINISTRY OF TRIBAL AFFAIRS,,,,,,,6000.00,2018-19,5935.00,65.00
"MINISTRY OF WATER RESOURCES, RIVER DEVELOPMENT AND GANGA REJUVENATION",,,,,,,8860.00,2018-19,8152.14,707.86
MINISTRY OF WOMEN AND CHILD DEVELOPMENT,,,,,,,24700.00,2018-19,24699.99,0.01
MINISTRY OF YOUTH AFFAIRS AND SPORTS,,,,,,,2196.35,2018-19,2138.31,58.04
GRAND TOTAL,,,,,,,2442213.30,2018-19,2141772.00,300441.30
MINISTRY OF AGRICULTURE AND FARMERS' WELFARE,,,,,,,140763.97,2019-20,140685.25,78.72
DEPARTMENT OF ATOMIC ENERGY,,,,,,,16725.51,2019-20,8618.95,8106.56
"MINISTRY OF AYURVEDA, YOGA AND NATUROPATHY, UNANI, SIDDHA AND HOMOEOPATHY (AYUSH)",,,,,,,1739.76,2019-20,1739.55,0.21
MINISTRY OF CHEMICALS AND FERTILISERS,,,,,,,75534.16,2019-20,75534.05,0.11
MINISTRY OF CIVIL AVIATION,,,,,,,4500.00,2019-20,4474.99,25.01
MINISTRY OF COAL,,,,,,,822.05,2019-20,822.05,...
MINISTRY OF COMMERCE AND INDUSTRY,,,,,,,11893.83,2019-20,10711.11,1182.72
MINISTRY OF COMMUNICATIONS,,,,,,,38637.46,2019-20,32695.00,5942.46
"MINISTRY OF CONSUMER AFFAIRS, FOOD AND PUBLIC DISTRIBUTION",,,,,,,194512.71,2019-20,193135.09,1377.62
MINISTRY OF CORPORATE AFFAIRS,,,,,,,553.63,2019-20,502.63,51.00
MINISTRY OF CULTURE,,,,,,,3042.35,2019-20,2874.31,168.04
MINISTRY OF DEFENCE,,,,,,,431010.79,2019-20,322761.99,108248.80
MINISTRY OF DEVELOPMENT  OF NORTH EASTERN REGION,,,,,,,3000.00,2019-20,2325.90,674.10
MINISTRY OF DRINKING WATER AND SANITATION,,,,,,,18216.34,2019-20,18216.34,...
MINISTRY OF EARTH SCIENCES,,,,,,,1901.76,2019-20,1783.76,118.00
MINISTRY OF ELECTRONICS AND INFORMATION TECHNOLOGY,,,,,,,6420.00,2019-20,6072.00,348.00
"MINISTRY OF ENVIRONMENT, FORESTS AND CLIMATE CHANGE",,,,,,,3175.72,2019-20,3111.20,64.52
MINISTRY OF EXTERNAL AFFAIRS,,,,,,,16061.78,2019-20,14686.78,1375.00
MINISTRY OF FINANCE,,,,,,,1021725.37,2019-20,998604.31,23121.06
MINISTRY OF FOOD PROCESSING INDUSTRIES,,,,,,,1196.60,2019-20,1196.60,...
MINISTRY OF HEALTH AND FAMILY WELFARE,,,,,,,63298.12,2019-20,61547.22,1750.90
MINISTRY OF HEAVY INDUSTRIES AND PUBLIC ENTERPRISES,,,,,,,1184.64,2019-20,739.08,445.56
MINISTRY OF HOME AFFAIRS,,,,,,,118969.28,2019-20,105934.82,13034.46
MINISTRY OF HOUSING AND URBAN AFFAIRS,,,,,,,48032.17,2019-20,28487.84,19544.33
MINISTRY OF HUMAN RESOURCE DEVELOPMENT,,,,,,,93847.64,2019-20,91727.64,2120.00
MINISTRY OF INFORMATION AND BROADCASTING,,,,,,,4375.21,2019-20,4361.67,13.54
MINISTRY OF LABOUR AND EMPLOYMENT,,,,,,,10434.09,2019-20,10403.83,30.26
MINISTRY OF LAW AND JUSTICE,,,,,,,3611.25,2019-20,3451.25,160.00
"MINISTRY OF MICRO, SMALL AND MEDIUM ENTERPRISES",,,,,,,7011.29,2019-20,6984.27,27.02
MINISTRY OF MINES,,,,,,,1497.94,2019-20,1390.37,107.57
MINISTRY OF MINORITY AFFAIRS,,,,,,,4700.00,2019-20,4639.99,60.01
MINISTRY OF NEW AND RENEWABLE ENERGY,,,,,,,5254.83,2019-20,5209.83,45.00
MINISTRY OF PANCHAYATI RAJ,,,,,,,871.37,2019-20,871.37,...
MINISTRY OF PARLIAMENTARY AFFAIRS,,,,,,,19.38,2019-20,19.38,...
"MINISTRY OF PERSONNEL, PUBLIC GRIEVANCES AND PENSIONS",,,,,,,1665.14,2019-20,1523.75,141.39
MINISTRY OF PETROLEUM AND NATURAL GAS,,,,,,,42901.49,2019-20,41234.18,1667.31
MINISTRY OF PLANNING,,,,,,,363.40,2019-20,362.71,0.69
MINISTRY OF POWER,,,,,,,15874.82,2019-20,13292.97,2581.85
"THE PRESIDENT, PARLIAMENT, UNION PUBLIC SERVICE COMMISSION AND THE SECRETARIAT  OF THE",,,,,,,1579.38,2019-20,1579.38,...
VICE PRESIDENT,,,,,,,,2019-20,,
MINISTRY OF RAILWAYS,,,,,,,66768.67,2019-20,2181.67,64587.00
MINISTRY OF ROAD TRANSPORT AND HIGHWAYS,,,,,,,83015.97,2019-20,10990.97,72025.00
MINISTRY OF RURAL DEVELOPMENT,,,,,,,119874.43,2019-20,119774.43,100.00
MINISTRY OF SCIENCE AND TECHNOLOGY,,,,,,,12797.24,2019-20,12697.59,99.65
MINISTRY OF SHIPPING,,,,,,,1902.56,2019-20,1635.99,266.57
MINISTRY OF SKILL DEVELOPMENT AND ENTREPRENEURSHIP,,,,,,,2989.21,2019-20,2926.11,63.10
MINISTRY OF SOCIAL JUSTICE AND EMPOWERMENT,,,,,,,8944.90,2019-20,8628.68,316.22
DEPARMENT OF SPACE,,,,,,,11538.26,2019-20,5874.72,5663.54
MINISTRY OF STATISTICS AND PROGRAMME IMPLEMENTATION,,,,,,,5231.06,2019-20,5216.33,14.73
MINISTRY OF STEEL,,,,,,,241.29,2019-20,241.29,...
MINISTRY OF TEXTILES,,,,,,,5831.48,2019-20,5800.57,30.91
MINISTRY OF TOURISM,,,,,,,2189.22,2019-20,2189.21,0.01
MINISTRY OF TRIBAL AFFAIRS,,,,,,,6526.96,2019-20,6446.96,80.00
"MINISTRY OF WATER RESOURCES, RIVER DEVELOPMENT AND GANGA REJUVENATION",,,,,,,8041.25,2019-20,7642.35,398.90
MINISTRY OF WOMEN AND CHILD DEVELOPMENT,,,,,,,29164.90,2019-20,29164.89,0.01
MINISTRY OF YOUTH AFFAIRS AND SPORTS,,,,,,,2216.92,2019-20,2181.90,35.02
GRAND TOTAL,,,,,,,2784199.55,2019-20,2447907.07,336292.48
MINISTRY OF AGRICULTURE,21434.53,88.34,21522.87,2653.25,0.60,2653.85,24176.72,2011-12,,
DEPARTMENT OF ATOMIC ENERGY,1905.13,3694.87,5600.00,2955.58,796.88,3752.46,9352.46,2011-12,,
MINISTRY OF CHEMICALS AND FERTILISERS,939.05,260.95,1200.00,50078.79,1.21,50080.00,51280.00,2011-12,,
MINISTRY OF CIVIL AVIATION,307.00,1393.00,1700.00,693.88,...,693.88,2393.88,2011-12,,
MINISTRY OF COAL,420.00,...,420.00,48.72,...,48.72,468.72,2011-12,,
MINISTRY OF COMMERCE AND INDUSTRY,2361.02,938.98,3300.00,4700.58,...,4700.58,8000.58,2011-12,,
MINISTRY OF COMMUNICATIONS AND INFORMATION TECHNOLOGY,5504.52,1713.48,7218.00,9322.06,10.00,9332.06,16550.06,2011-12,,
"MINISTRY OF CONSUMER AFFAIRS, FOOD AND PUBLIC DISTRIBUTION",244.41,100.59,345.00,61840.37,1.20,61841.57,62186.57,2011-12,,
MINISTRY OF CORPORATE AFFAIRS,3.00,25.00,28.00,196.94,14.00,210.94,238.94,2011-12,,
MINISTRY OF CULTURE,745.00,40.00,785.00,553.00,...,553.00,1338.00,2011-12,,
MINISTRY OF DEFENCE,...,...,...,131691.49,70880.81,202572.30,202572.30,2011-12,,
MINISTRY OF DEVELOPMENT OF NORTH EASTERN REGION,1614.00,127.00,1741.00,17.58,4.00,21.58,1762.58,2011-12,,
MINISTRY OF EARTH SCIENCES,936.90,283.10,1220.00,345.90,1.10,347.00,1567.00,2011-12,,
MINISTRY OF ENVIRONMENT AND FORESTS,2234.50,65.50,2300.00,176.79,15.18,191.97,2491.97,2011-12,,
MINISTRY OF EXTERNAL AFFAIRS,359.00,441.00,800.00,5956.00,350.00,6306.00,7106.00,2011-12,,
MINISTRY OF FINANCE,73335.24,17301.37,90636.61,369421.86,4708.66,374130.52,464767.13,2011-12,,
MINISTRY OF FOOD PROCESSING INDUSTRIES,504.49,95.51,600.00,10.09,...,10.09,610.09,2011-12,,
MINISTRY OF HEALTH AND FAMILY WELFARE,24745.92,2014.08,26760.00,3696.00,...,3696.00,30456.00,2011-12,,
MINISTRY OF HEAVY INDUSTRIES AND PUBLIC ENTERPRISES,370.10,39.90,410.00,64.34,400.00,464.34,874.34,2011-12,,
MINISTRY OF HOME AFFAIRS,5956.24,5606.05,11562.29,34182.47,3175.38,37357.85,48920.14,2011-12,,
MINISTRY OF HOUSING AND URBAN POVERTY ALLEVIATION,1100.00,...,1100.00,7.60,...,7.60,1107.60,2011-12,,
MINISTRY OF HUMAN RESOURCE DEVELOPMENT,,52057.00,...,,52057.00,11306.00,...,2011-12,,
MINISTRY OF INFORMATION AND BROADCASTING,,273.46,587.54,,861.00,1782.64,...,2011-12,,
MINISTRY OF LABOUR AND EMPLOYMENT,,1244.32,3.93,,1248.25,1860.04,0.96,2011-12,,
MINISTRY OF LAW AND JUSTICE,,1000.00,...,,1000.00,538.43,15.02,2011-12,,
"MINISTRY OF MICRO, SMALL AND MEDIUM ENTERPRISES",,2534.00,166.00,,2700.00,300.49,0.80,2011-12,,
MINISTRY OF MINES,,174.79,39.21,,214.00,440.28,...,2011-12,,
MINISTRY OF MINORITY AFFAIRS,,2735.00,115.00,,2850.00,16.00,...,2011-12,,
MINISTRY OF NEW AND RENEWABLE ENERGY,,1132.50,65.50,,1198.00,14.38,...,2011-12,,
MINISTRY OF OVERSEAS INDIAN AFFAIRS,,...,...,,...,71.80,9.20,2011-12,,
MINISTRY OF PANCHAYATI RAJ,,5250.00,...,,5250.00,0.65,...,2011-12,,
MINISTRY OF PARLIAMENTARY AFFAIRS,,...,...,,...,10.48,...,2011-12,,
"MINISTRY OF PERSONNEL, PUBLIC GRIEVANCES AND PENSIONS",,190.87,69.13,,260.00,501.29,5.49,2011-12,,
MINISTRY OF PETROLEUM AND NATURAL GAS,,40.00,...,,40.00,23676.20,...,2011-12,,
MINISTRY OF PLANNING,,868.39,731.61,,1600.00,76.00,...,2011-12,,
MINISTRY OF POWER,,6779.84,2862.16,,9642.00,-135.01,...,2011-12,,
"THE PRESIDENT, PARLIAMENT, UNION PUBLIC SERVICE COMMISSION",,...,...,,...,801.59,...,2011-12,,
MINISTRY OF ROAD TRANSPORT AND HIGHWAYS,,,14547.28,7700.47,,22247.75,,2011-12,,
MINISTRY OF RURAL DEVELOPMENT,,,87800.00,...,,87800.00,,2011-12,,
MINISTRY OF SCIENCE AND TECHNOLOGY,,,5627.45,51.55,,5679.00,,2011-12,,
MINISTRY OF SHIPPING,,,152.54,590.46,,743.00,,2011-12,,
MINISTRY OF SOCIAL JUSTICE AND EMPOWERMENT,,,5105.00,270.00,,5375.00,,2011-12,,
DEPARTMENT OF SPACE,,,2751.47,2948.53,,5700.00,,2011-12,,
MINISTRY OF STATISTICS AND PROGRAMME IMPLEMENTATION,,,2158.43,21.57,,2180.00,,2011-12,,
MINISTRY OF STEEL,,,39.00,1.00,,40.00,,2011-12,,
MINISTRY OF TEXTILES,,,4969.30,30.70,,5000.00,,2011-12,,
MINISTRY OF TOURISM,,,1095.99,4.01,,1100.00,,2011-12,,
MINISTRY OF TRIBAL AFFAIRS,,,3653.01,70.00,,3723.01,,2011-12,,
UNION TERRITORIES (WITHOUT LEGISLATURE),,,1498.39,1641.83,,3140.22,,2011-12,,
MINISTRY OF URBAN DEVELOPMENT,,,635.13,5644.62,,6279.75,,2011-12,,
MINISTRY OF WATER RESOURCES,,95.80,720.00,500.93,1.80,502.73,1222.73,2011-12,,
MINISTRY OF WOMEN AND CHILD DEVELOPMENT,,...,12650.00,83.00,...,83.00,12733.00,2011-12,,
MINISTRY OF YOUTH AFFAIRS AND SPORTS,,4.00,1000.00,120.98,0.02,121.00,1121.00,2011-12,,
MINISTRY OF RAILWAYS,,20000.00,20000.00,...,...,...,20000.00,2011-12,,
GRAND TOTAL,,77943.34,441546.75,733558.83,82623.25,816182.08,1257728.83,2011-12,,
MINISTRY OF AGRICULTURE,25252.35,85.65,25338.00,2592.99,0.60,2593.59,27931.59,2012-13,,
DEPARTMENT OF ATOMIC ENERGY,1875.63,3724.37,5600.00,3009.20,622.80,3632.00,9232.00,2012-13,,
MINISTRY OF CHEMICALS AND FERTILISERS,1897.00,304.00,2201.00,61087.50,1.21,61088.71,63289.71,2012-13,,
MINISTRY OF CIVIL AVIATION,344.18,4155.82,4500.00,738.80,...,738.80,5238.80,2012-13,,
MINISTRY OF COAL,450.00,...,450.00,48.35,...,48.35,498.35,2012-13,,
MINISTRY OF COMMERCE AND INDUSTRY,2420.22,1044.78,3465.00,3125.25,...,3125.25,6590.25,2012-13,,
MINISTRY OF COMMUNICATIONS AND INFORMATION TECHNOLOGY,6314.10,2285.90,8600.00,11072.16,10.00,11082.16,19682.16,2012-13,,
"MINISTRY OF CONSUMER AFFAIRS, FOOD AND PUBLIC DISTRIBUTION",295.50,71.50,367.00,76502.44,0.01,76502.45,76869.45,2012-13,,
MINISTRY OF CORPORATE AFFAIRS,12.00,20.00,32.00,201.50,12.00,213.50,245.50,2012-13,,
MINISTRY OF CULTURE,826.00,38.00,864.00,583.00,...,583.00,1447.00,2012-13,,
MINISTRY OF DEFENCE,...,...,...,156752.35,81453.18,238205.53,238205.53,2012-13,,
MINISTRY OF DEVELOPMENT OF NORTH EASTERN REGION,1730.00,175.00,1905.00,20.33,4.00,24.33,1929.33,2012-13,,
MINISTRY OF EARTH SCIENCES,1073.50,207.50,1281.00,386.66,0.34,387.00,1668.00,2012-13,,
MINISTRY OF ENVIRONMENT AND FORESTS,2375.37,54.63,2430.00,183.91,15.50,199.41,2629.41,2012-13,,
MINISTRY OF EXTERNAL AFFAIRS,362.00,1138.00,1500.00,7261.97,900.00,8161.97,9661.97,2012-13,,
MINISTRY OF FINANCE,92349.45,27325.55,119675.00,419864.41,15515.59,435380.00,555055.00,2012-13,,
MINISTRY OF FOOD PROCESSING INDUSTRIES,660.00,...,660.00,10.54,...,10.54,670.54,2012-13,,
MINISTRY OF HEALTH AND FAMILY WELFARE,28153.89,2323.11,30477.00,4011.00,...,4011.00,34488.00,2012-13,,
MINISTRY OF HEAVY INDUSTRIES AND PUBLIC ENTERPRISES,509.49,56.51,566.00,65.60,400.00,465.60,1031.60,2012-13,,
MINISTRY OF HOME AFFAIRS,5291.40,6849.49,12140.89,39408.02,2900.08,42308.10,54448.99,2012-13,,
MINISTRY OF HOUSING AND URBAN POVERTY ALLEVIATION,1155.00,...,,1155.00,8.00,...,8.00,2012-13,,
MINISTRY OF HUMAN RESOURCE DEVELOPMENT,61407.00,...,,61407.00,12649.00,...,12649.00,2012-13,,
MINISTRY OF INFORMATION AND BROADCASTING,361.00,544.00,,905.00,1832.32,...,1832.32,2012-13,,
MINISTRY OF LABOUR AND EMPLOYMENT,2397.78,6.10,,2403.88,1928.83,0.97,1929.80,2012-13,,
MINISTRY OF LAW AND JUSTICE,1050.00,...,,1050.00,649.52,20.02,669.54,2012-13,,
"MINISTRY OF MICRO, SMALL AND MEDIUM ENTERPRISES",2752.00,83.00,,2835.00,319.86,0.80,320.66,2012-13,,
MINISTRY OF MINES,162.42,69.58,,232.00,466.44,...,466.44,2012-13,,
MINISTRY OF MINORITY AFFAIRS,3035.00,100.00,,3135.00,19.70,...,19.70,2012-13,,
MINISTRY OF NEW AND RENEWABLE ENERGY,1291.00,92.00,,1383.00,14.79,...,14.79,2012-13,,
MINISTRY OF OVERSEAS INDIAN AFFAIRS,...,...,,...,94.77,20.00,114.77,2012-13,,
MINISTRY OF PANCHAYATI RAJ,5350.00,...,,5350.00,0.74,...,0.74,2012-13,,
MINISTRY OF PARLIAMENTARY AFFAIRS,...,...,,...,11.72,...,11.72,2012-13,,
"MINISTRY OF PERSONNEL, PUBLIC GRIEVANCES AND PENSIONS",169.40,109.60,,279.00,607.60,8.07,615.67,2012-13,,
MINISTRY OF PETROLEUM AND NATURAL GAS,42.00,1.00,,43.00,43716.85,...,43716.85,2012-13,,
MINISTRY OF PLANNING,1584.20,515.80,,2100.00,77.03,...,77.03,2012-13,,
MINISTRY OF POWER,5929.63,3712.37,,9642.00,-122.89,...,-122.89,2012-13,,
"THE PRESIDENT, PARLIAMENT, UNION PUBLIC SERVICE COMMISSION",...,...,,...,,902.98,...,2012-13,,
MINISTRY OF ROAD TRANSPORT AND HIGHWAYS,16577.11,8782.80,,25359.91,,3296.00,2142.21,2012-13,,
MINISTRY OF RURAL DEVELOPMENT,76376.00,...,,76376.00,,54.02,...,2012-13,,
MINISTRY OF DRINKING WATER AND SANITATION,14000.00,...,,14000.00,,5.24,...,2012-13,,
MINISTRY OF SCIENCE AND TECHNOLOGY,5927.33,47.67,,5975.00,,1881.41,1.20,2012-13,,
MINISTRY OF SHIPPING,266.05,545.95,,812.00,,947.36,-79.87,2012-13,,
MINISTRY OF SOCIAL JUSTICE AND EMPOWERMENT,5615.00,300.00,,5915.00,,93.30,...,2012-13,,
DEPARTMENT OF SPACE,2476.43,3138.57,,5615.00,,1100.00,...,2012-13,,
MINISTRY OF STATISTICS AND PROGRAMME IMPLEMENTATION,4568.80,17.20,,4586.00,,357.54,...,2012-13,,
MINISTRY OF STEEL,46.00,...,,46.00,,69.29,...,2012-13,,
MINISTRY OF TEXTILES,6977.73,22.27,,7000.00,,797.90,38.51,2012-13,,
MINISTRY OF TOURISM,1207.00,3.00,,1210.00,,72.98,...,2012-13,,
MINISTRY OF TRIBAL AFFAIRS,4020.00,70.00,,4090.00,,18.00,...,2012-13,,
UNION TERRITORIES (WITHOUT LEGISLATURE),2081.11,1934.09,,4015.20,,3874.51,-167.59,2012-13,,
MINISTRY OF URBAN DEVELOPMENT,,583.43,,6428.69,7012.12,2190.86,483.01,2012-13,,
MINISTRY OF WATER RESOURCES,,1373.20,,126.80,1500.00,539.20,1.80,2012-13,,
MINISTRY OF WOMEN AND CHILD DEVELOPMENT,,18500.00,,...,18500.00,84.00,...,2012-13,,
MINISTRY OF YOUTH AFFAIRS AND SPORTS,,1039.70,,1.30,1041.00,111.00,...,2012-13,,
MINISTRY OF RAILWAYS,,...,,24000.00,24000.00,...,...,2012-13,,
GRAND TOTAL,,420513.40,,100511.60,521025.00,865595.85,104304.44,2012-13,,
MINISTRY OF AGRICULTURE,28130.48,67.52,28198.00,2863.09,1.85,2864.94,31062.94,2014-15,,
DEPARTMENT OF ATOMIC ENERGY,1779.00,4101.00,5880.00,3710.84,855.75,4566.59,10446.59,2014-15,,
MINISTRY OF CHEMICALS AND FERTILISERS,360.83,153.17,514.00,73104.46,0.09,73104.55,73618.55,2014-15,,
MINISTRY OF CIVIL AVIATION,179.90,6540.10,6720.00,657.98,...,657.98,7377.98,2014-15,,
MINISTRY OF COAL,550.00,...,550.00,50.00,...,50.00,600.00,2014-15,,
MINISTRY OF COMMERCE AND INDUSTRY,3515.75,410.25,3926.00,3873.02,...,3873.02,7799.02,2014-15,,
MINISTRY OF COMMUNICATIONS AND INFORMATION TECHNOLOGY,7704.70,4410.30,12115.00,13953.92,101.00,14054.92,26169.92,2014-15,,
"MINISTRY OF CONSUMER AFFAIRS, FOOD AND PUBLIC DISTRIBUTION",344.45,205.55,550.00,115402.63,...,115402.63,115952.63,2014-15,,
MINISTRY OF CORPORATE AFFAIRS,22.76,1.24,24.00,208.75,22.50,231.25,255.25,2014-15,,
MINISTRY OF CULTURE,1767.00,68.00,1835.00,676.00,...,676.00,2511.00,2014-15,,
MINISTRY OF DEFENCE,...,...,...,188994.20,96208.67,285202.87,285202.87,2014-15,,
MINISTRY OF DEVELOPMENT OF NORTH EASTERN REGION,2129.00,177.00,2306.00,22.78,4.00,26.78,2332.78,2014-15,,
MINISTRY OF DRINKING WATER AND SANITATION,15260.00,...,15260.00,6.85,...,6.85,15266.85,2014-15,,
MINISTRY OF EARTH SCIENCES,1094.00,187.00,1281.00,417.94,0.06,418.00,1699.00,2014-15,,
MINISTRY OF ENVIRONMENT AND FORESTS,1944.34,98.66,2043.00,205.55,7.45,213.00,2256.00,2014-15,,
MINISTRY OF EXTERNAL AFFAIRS,2091.99,3008.01,5100.00,9172.39,458.00,9630.39,14730.39,2014-15,,
MINISTRY OF FINANCE,69274.00,27093.00,96367.00,542033.08,2004.10,544037.18,640404.18,2014-15,,
MINISTRY OF FOOD PROCESSING INDUSTRIES,770.00,...,770.00,15.86,...,15.86,785.86,2014-15,,
MINISTRY OF HEALTH AND FAMILY WELFARE,32157.41,2067.59,34225.00,5012.82,...,5012.82,39237.82,2014-15,,
MINISTRY OF HEAVY INDUSTRIES AND PUBLIC ENTERPRISES,637.94,171.06,809.00,53.44,400.00,453.44,1262.44,2014-15,,
MINISTRY OF HOME AFFAIRS,4994.42,7683.58,12678.00,50519.69,2547.59,53067.28,65745.28,2014-15,,
MINISTRY OF HOUSING AND URBAN POVERTY ALLEVIATION,,6000.00,...,,6000.00,8.62,...,2014-15,,
MINISTRY OF HUMAN RESOURCE DEVELOPMENT,,68728.00,...,,68728.00,14043.10,...,2014-15,,
MINISTRY OF INFORMATION AND BROADCASTING,,976.15,28.85,,1005.00,2311.00,...,2014-15,,
MINISTRY OF LABOUR AND EMPLOYMENT,,2438.32,10.28,,2448.60,3158.76,0.97,2014-15,,
MINISTRY OF LAW AND JUSTICE,,1103.00,...,,1103.00,1092.24,55.37,2014-15,,
"MINISTRY OF MICRO, SMALL AND MEDIUM ENTERPRISES",,3319.00,8.00,,3327.00,374.48,0.80,2014-15,,
MINISTRY OF MINES,,473.78,93.22,,567.00,537.26,...,2014-15,,
MINISTRY OF MINORITY AFFAIRS,,3591.00,120.00,,3711.00,23.01,...,2014-15,,
MINISTRY OF NEW AND RENEWABLE ENERGY,,846.00,95.00,,941.00,15.39,...,2014-15,,
MINISTRY OF OVERSEAS INDIAN AFFAIRS,,20.00,...,,20.00,113.98,15.00,2014-15,,
MINISTRY OF PANCHAYATI RAJ,,7000.00,...,,7000.00,0.70,...,2014-15,,
MINISTRY OF PARLIAMENTARY AFFAIRS,,...,...,,...,14.35,...,2014-15,,
"MINISTRY OF PERSONNEL, PUBLIC GRIEVANCES AND PENSIONS",,159.15,119.85,,279.00,805.69,6.07,2014-15,,
MINISTRY OF PETROLEUM AND NATURAL GAS,,42.00,1.00,,43.00,63500.00,...,2014-15,,
MINISTRY OF PLANNING,,1736.50,778.50,,2515.00,91.86,...,2014-15,,
MINISTRY OF POWER,,7570.50,2071.50,,9642.00,-98.10,...,2014-15,,
"THE PRESIDENT, PARLIAMENT, UNION PUBLIC SERVICE COMMISSION",...,...,,...,,1094.36,...,2014-15,,
MINISTRY OF ROAD TRANSPORT AND HIGHWAYS,13094.63,15786.37,,28881.00,,3522.11,1942.09,2014-15,,
MINISTRY OF RURAL DEVELOPMENT,83793.00,...,,83793.00,,59.46,...,2014-15,,
MINISTRY OF SCIENCE AND TECHNOLOGY,6673.82,51.18,,6725.00,,2037.46,5.90,2014-15,,
MINISTRY OF SHIPPING,400.62,498.38,,899.00,,618.04,-108.30,2014-15,,
MINISTRY OF SOCIAL JUSTICE AND EMPOWERMENT,6231.00,499.00,,6730.00,,115.63,...,2014-15,,
DEPARTMENT OF SPACE,2346.06,3653.94,,6000.00,,1238.00,...,2014-15,,
MINISTRY OF STATISTICS AND PROGRAMME IMPLEMENTATION,4459.90,18.10,,4478.00,,445.88,...,2014-15,,
MINISTRY OF STEEL,20.00,...,,20.00,,67.74,...,2014-15,,
MINISTRY OF TEXTILES,4821.00,10.00,,4831.00,,726.70,139.73,2014-15,,
MINISTRY OF TOURISM,1880.50,1.50,,1882.00,,84.71,...,2014-15,,
MINISTRY OF TRIBAL AFFAIRS,4409.00,70.00,,4479.00,,18.96,...,2014-15,,
UNION TERRITORIES (WITHOUT LEGISLATURE),3016.49,1720.51,,4737.00,,4467.79,-65.78,2014-15,,
MINISTRY OF URBAN DEVELOPMENT,,9088.57,16984.40,2346.45,678.61,3025.06,20009.46,2014-15,,
MINISTRY OF WATER RESOURCES,,229.53,13237.00,597.84,1.80,599.64,13836.64,2014-15,,
MINISTRY OF WOMEN AND CHILD DEVELOPMENT,,...,21100.00,93.88,...,93.88,21193.88,2014-15,,
MINISTRY OF YOUTH AFFAIRS AND SPORTS,,0.90,1643.00,126.00,...,126.00,1769.00,2014-15,,
MINISTRY OF RAILWAYS,,30100.00,30100.00,...,...,...,30100.00,2014-15,,
GRAND TOTAL,,121497.21,575000.00,1114608.64,105283.32,1219891.96,1794891.96,2014-15,,
MINISTRY OF AGRICULTURE AND FARMERS WELFARE,25644.70,55.30,25700.00,18773.58,11.62,18785.20,44485.20,2016-17,,
DEPARTMENT OF ATOMIC ENERGY,1349.50,4850.50,6200.00,4444.53,1037.95,5482.48,11682.48,2016-17,,
"MINISTRY OF AYURVEDA, YOGA AND NATUROPATHY, UNANI, SIDDHA",1047.00,3.00,1050.00,276.20,...,276.20,1326.20,2016-17,,
MINISTRY OF CHEMICALS AND FERTILISERS,288.94,41.06,330.00,70122.70,0.11,70122.81,70452.81,2016-17,,
MINISTRY OF CIVIL AVIATION,219.80,1780.20,2000.00,590.68,...,590.68,2590.68,2016-17,,
MINISTRY OF COAL,300.00,...,300.00,61.00,...,61.00,361.00,2016-17,,
MINISTRY OF COMMERCE AND INDUSTRY,4855.39,109.61,4965.00,2424.35,...,2424.35,7389.35,2016-17,,
MINISTRY OF COMMUNICATIONS AND INFORMATION TECHNOLOGY,6170.93,3494.07,9665.00,21093.22,10.00,21103.22,30768.22,2016-17,,
"MINISTRY OF CONSUMER AFFAIRS, FOOD AND PUBLIC DISTRIBUTION",1132.70,67.30,1200.00,140190.01,1.60,140191.61,141391.61,2016-17,,
MINISTRY OF CORPORATE AFFAIRS,18.00,2.00,20.00,296.43,28.00,324.43,344.43,2016-17,,
MINISTRY OF CULTURE,1685.00,70.00,1755.00,745.00,...,745.00,2500.00,2016-17,,
MINISTRY OF DEFENCE,70.00,380.00,450.00,250642.35,89829.63,340471.98,340921.98,2016-17,,
MINISTRY OF DEVELOPMENT OF NORTH EASTERN REGION,1925.00,475.00,2400.00,26.01,4.00,30.01,2430.01,2016-17,,
MINISTRY OF DRINKING WATER AND SANITATION,,14000.00,...,14000.00,9.70,...,9.70,2016-17,,
MINISTRY OF EARTH SCIENCES,,1025.00,175.00,1200.00,472.45,...,472.45,2016-17,,
"MINISTRY OF ENVIRONMENT, FORESTS AND CLIMATE CHANGE",,1944.75,55.25,2000.00,250.34,...,250.34,2016-17,,
MINISTRY OF EXTERNAL AFFAIRS,,2044.50,2675.50,4720.00,9635.16,307.50,9942.66,2016-17,,
MINISTRY OF FINANCE,,19745.00,40590.00,60335.00,658698.72,4427.12,663125.84,2016-17,,
MINISTRY OF FOOD PROCESSING INDUSTRIES,,600.00,...,600.00,36.02,...,36.02,2016-17,,
MINISTRY OF HEALTH AND FAMILY WELFARE,,30292.14,1757.86,32050.00,6156.35,...,6156.35,2016-17,,
MINISTRY OF HEAVY INDUSTRIES AND PUBLIC ENTERPRISES,,289.92,20.08,310.00,123.37,887.05,1010.42,2016-17,,
MINISTRY OF HOME AFFAIRS,,3946.50,6028.50,9975.00,64093.21,3314.91,67408.12,2016-17,,
MINISTRY OF HOUSING AND URBAN POVERTY ALLEVIATION,,5400.00,...,5400.00,11.00,...,11.00,2016-17,,
MINISTRY OF HUMAN RESOURCE DEVELOPMENT,,56500.00,...,56500.00,15894.00,...,15894.00,2016-17,,
MINISTRY OF INFORMATION AND BROADCASTING,,752.43,47.57,,800.00,3283.63,...,2016-17,,
MINISTRY OF LABOUR AND EMPLOYMENT,,1538.00,12.00,,1550.00,4683.59,9.01,2016-17,,
MINISTRY OF LAW AND JUSTICE,,900.00,...,,900.00,4383.39,128.01,2016-17,,
"MINISTRY OF MICRO, SMALL AND MEDIUM ENTERPRISES",,2990.00,10.00,,3000.00,464.22,0.55,2016-17,,
MINISTRY OF MINES,,411.61,158.39,,570.00,643.49,...,2016-17,,
MINISTRY OF MINORITY AFFAIRS,,3660.00,140.00,,3800.00,27.25,...,2016-17,,
MINISTRY OF NEW AND RENEWABLE ENERGY,,5000.00,...,,5000.00,35.79,...,2016-17,,
MINISTRY OF PANCHAYATI RAJ,,750.00,...,,750.00,18.33,...,2016-17,,
MINISTRY OF PARLIAMENTARY AFFAIRS,,...,...,,...,17.30,...,2016-17,,
"MINISTRY OF PERSONNEL, PUBLIC GRIEVANCES AND PENSIONS",,164.65,85.35,,250.00,1193.40,34.28,2016-17,,
MINISTRY OF PETROLEUM AND NATURAL GAS,,2048.00,2.00,,2050.00,27110.62,...,2016-17,,
MINISTRY OF PLANNING,,199.50,0.50,,200.00,93.14,...,2016-17,,
MINISTRY OF POWER,,8710.78,3489.22,,12200.00,52.61,0.10,2016-17,,
"THE PRESIDENT, PARLIAMENT, UNION PUBLIC SERVICE COMMISSION",,...,...,,...,1275.70,...,2016-17,,
MINISTRY OF ROAD TRANSPORT AND HIGHWAYS,,37547.00,17453.00,,55000.00,2976.00,...,2016-17,,
MINISTRY OF RURAL DEVELOPMENT,,87700.00,...,87700.00,65.16,...,65.16,2016-17,,
MINISTRY OF SCIENCE AND TECHNOLOGY,,8079.33,20.67,8100.00,2252.65,0.35,2253.00,2016-17,,
MINISTRY OF SHIPPING,,650.50,349.50,1000.00,578.65,-47.65,531.00,2016-17,,
MINISTRY OF SKILL DEVELOPMENT AND ENTREPRENEURSHIP,,1666.90,33.10,1700.00,103.65,0.63,104.28,2016-17,,
MINISTRY OF SOCIAL JUSTICE AND EMPOWERMENT,,6831.00,369.00,7200.00,149.51,...,149.51,2016-17,,
DEPARTMENT OF SPACE,,2646.84,3353.16,6000.00,1509.14,...,1509.14,2016-17,,
MINISTRY OF STATISTICS AND PROGRAMME IMPLEMENTATION,,4172.00,28.00,4200.00,552.83,...,552.83,2016-17,,
MINISTRY OF STEEL,,15.00,...,15.00,70.62,...,70.62,2016-17,,
MINISTRY OF TEXTILES,,3330.00,20.00,3350.00,1244.30,0.52,1244.82,2016-17,,
MINISTRY OF TOURISM,,1498.95,1.05,1500.00,90.32,...,90.32,2016-17,,
MINISTRY OF TRIBAL AFFAIRS,,4730.00,70.00,4800.00,26.50,...,26.50,2016-17,,
UNION TERRITORIES (WITHOUT LEGISLATURE),,3150.94,1799.06,4950.00,5676.71,-4.05,5672.66,2016-17,,
MINISTRY OF URBAN DEVELOPMENT,,10250.56,10849.44,21100.00,2770.47,652.53,3423.00,2016-17,,
"MINISTRY OF WATER RESOURCES, RIVER DEVELOPMENT AND GANGA",,5119.34,380.66,5500.00,693.26,7.95,701.21,2016-17,,
MINISTRY OF WOMEN AND CHILD DEVELOPMENT,,30.00,17300.00,108.12,...,108.12,17408.12,2016-17,,
MINISTRY OF YOUTH AFFAIRS AND SPORTS,,50.00,1400.00,192.00,...,192.00,1592.00,2016-17,,
MINISTRY OF RAILWAYS,,45000.00,45000.00,...,...,...,45000.00,2016-17,,
GRAND TOTAL,,146381.90,550010.00,1327408.73,100641.72,1428050.45,1978060.45,2016-17,,
MINISTRY OF AGRICULTURE,14056.62,110.45,14167.07,2195.18,0.65,2195.83,16362.90,2009-10,,
DEPARTMENT OF ATOMIC ENERGY,1002.00,3148.00,4150.00,3081.91,541.09,3623.00,7773.00,2009-10,,
MINISTRY OF CHEMICALS AND FERTILISERS,314.87,280.13,595.00,50059.25,1.23,50060.48,50655.48,2009-10,,
MINISTRY OF CIVIL AVIATION,34.05,155.95,190.00,697.00,...,697.00,887.00,2009-10,,
MINISTRY OF COAL,300.00,...,300.00,49.00,...,49.00,349.00,2009-10,,
MINISTRY OF COMMERCE AND INDUSTRY,1892.78,667.22,2560.00,2278.00,...,2278.00,4838.00,2009-10,,
MINISTRY OF COMMUNICATIONS AND INFORMATION TECHNOLOGY,2996.20,584.80,3581.00,12870.26,6.00,12876.26,16457.26,2009-10,,
"MINISTRY OF CONSUMER AFFAIRS, FOOD AND PUBLIC DISTRIBUTION",254.54,49.46,304.00,53419.76,5.24,53425.00,53729.00,2009-10,,
MINISTRY OF CORPORATE AFFAIRS,3.00,30.00,33.00,186.62,10.00,196.62,229.62,2009-10,,
MINISTRY OF CULTURE,663.90,36.10,700.00,576.00,...,576.00,1276.00,2009-10,,
MINISTRY OF DEFENCE,...,...,...,110365.17,56297.83,166663.00,166663.00,2009-10,,
MINISTRY OF DEVELOPMENT OF NORTH EASTERN REGION,1315.50,139.50,1455.00,16.47,4.00,20.47,1475.47,2009-10,,
MINISTRY OF EARTH SCIENCES,612.12,287.88,900.00,307.50,2.50,310.00,1210.00,2009-10,,
MINISTRY OF ENVIRONMENT AND FORESTS,1858.95,21.05,1880.00,233.55,15.45,249.00,2129.00,2009-10,,
MINISTRY OF EXTERNAL AFFAIRS,629.00,...,629.00,5139.00,525.00,5664.00,6293.00,2009-10,,
MINISTRY OF FINANCE,59525.19,7323.40,66848.59,312740.46,10028.08,322768.54,389617.13,2009-10,,
MINISTRY OF FOOD PROCESSING INDUSTRIES,300.00,40.00,340.00,10.50,...,10.50,350.50,2009-10,,
MINISTRY OF HEALTH AND FAMILY WELFARE,17917.38,1616.62,19534.00,3107.33,...,3107.33,22641.33,2009-10,,
MINISTRY OF HEAVY INDUSTRIES AND PUBLIC ENTERPRISES,223.56,136.44,360.00,69.20,400.00,469.20,829.20,2009-10,,
MINISTRY OF HOME AFFAIRS,3366.94,532.93,3899.87,29542.19,7337.59,36879.78,40779.65,2009-10,,
MINISTRY OF HOUSING AND URBAN POVERTY ALLEVIATION,850.00,...,850.00,7.97,...,7.97,857.97,2009-10,,
MINISTRY OF HUMAN RESOURCE DEVELOPMENT,35646.00,750.00,36396.00,8132.21,...,8132.21,44528.21,2009-10,,
MINISTRY OF INFORMATION AND BROADCASTING,351.99,448.01,800.00,1768.00,...,1768.00,2568.00,2009-10,,
MINISTRY OF LABOUR AND EMPLOYMENT,873.28,7.47,880.75,1560.81,1.41,1562.22,2442.97,2009-10,,
MINISTRY OF LAW AND JUSTICE,260.00,...,260.00,1486.13,40.89,1527.02,1787.02,2009-10,,
"MINISTRY OF MICRO, SMALL AND MEDIUM ENTERPRISES",1785.00,9.00,1794.00,238.02,1.43,239.45,2033.45,2009-10,,
MINISTRY OF MINES,153.60,38.40,192.00,398.00,...,398.00,590.00,2009-10,,
MINISTRY OF MINORITY AFFAIRS,1615.00,125.00,1740.00,16.50,...,16.50,1756.50,2009-10,,
MINISTRY OF NEW AND RENEWABLE ENERGY,597.20,19.80,617.00,11.00,...,11.00,628.00,2009-10,,
MINISTRY OF OVERSEAS INDIAN AFFAIRS,...,...,...,59.00,21.00,80.00,80.00,2009-10,,
MINISTRY OF PANCHAYATI RAJ,4780.00,...,4780.00,0.71,...,0.71,4780.71,2009-10,,
MINISTRY OF PARLIAMENTARY AFFAIRS,...,...,...,8.33,...,8.33,8.33,2009-10,,
"MINISTRY OF PERSONNEL, PUBLIC GRIEVANCES AND PENSIONS",91.16,146.84,238.00,428.49,9.01,437.50,675.50,2009-10,,
MINISTRY OF PETROLEUM AND NATURAL GAS,25.00,...,25.00,3144.00,...,3144.00,3169.00,2009-10,,
MINISTRY OF PLANNING,407.79,44.21,452.00,67.00,...,67.00,519.00,2009-10,,
MINISTRY OF POWER,7341.00,1889.00,9230.00,-28.00,...,-28.00,9202.00,2009-10,,
"THE PRESIDENT, PARLIAMENT, UNION PUBLIC SERVICE COMMISSION",...,...,...,686.06,...,686.06,686.06,2009-10,,
MINISTRY OF RURAL DEVELOPMENT,74268.75,1.25,74270.00,45.43,...,45.43,74315.43,2009-10,,
MINISTRY OF SCIENCE AND TECHNOLOGY,4047.80,77.20,4125.00,1720.60,2.40,1723.00,5848.00,2009-10,,
MINISTRY OF SHIPPING,115.40,479.60,595.00,1187.03,-26.50,1160.53,1755.53,2009-10,,
MINISTRY OF  ROAD TRANSPORT AND HIGHWAYS,11250.51,6269.55,17520.06,3345.49,769.51,4115.00,21635.06,2009-10,,
MINISTRY OF SOCIAL JUSTICE AND EMPOWERMENT,2361.00,139.00,2500.00,85.00,...,85.00,2585.00,2009-10,,
DEPARTMENT OF SPACE,2048.88,2051.12,4100.00,859.00,...,859.00,4959.00,2009-10,,
MINISTRY OF STATISTICS AND PROGRAMME IMPLEMENTATION,1798.45,10.55,1809.00,306.27,...,306.27,2115.27,2009-10,,
MINISTRY OF STEEL,26.00,8.00,34.00,81.36,...,81.36,115.36,2009-10,,
MINISTRY OF TEXTILES,4481.50,18.50,4500.00,732.50,165.50,898.00,5398.00,2009-10,,
MINISTRY OF TOURISM,994.00,6.00,1000.00,70.00,...,70.00,1070.00,2009-10,,
MINISTRY OF TRIBAL AFFAIRS,3155.50,50.00,3205.50,14.61,...,14.61,3220.11,2009-10,,
UNION TERRITORIES (WITHOUT LEGISLATURE),964.59,1496.32,2460.91,3161.61,-9.64,3151.97,5612.88 232-235,2009-10,,
MINISTRY OF URBAN DEVELOPMENT,506.60,2592.65,3099.25,1707.88,438.65,2146.53,5245.78,2009-10,,
MINISTRY OF WATER RESOURCES,516.00,84.00,600.00,400.69,2.31,403.00,1003.00,2009-10,,
MINISTRY OF WOMEN AND CHILD DEVELOPMENT,7350.00,...,7350.00,78.00,...,78.00,7428.00,2009-10,,
MINISTRY OF YOUTH AFFAIRS AND SPORTS,2469.75,229.25,2699.00,109.55,264.45,374.00,3073.00,2009-10,,
RAILWAYS **,...,14600.00,14600.00,...,...,,... 14600.00,2009-10,,
GRAND TOTAL,278398.35,46750.65,325149.00,618833.60,76855.08,695688.68,1020837.68,2009-10,,
MINISTRY OF AGRICULTURE,18547.25,94.75,18642.00,2222.12,0.60,2222.72,20864.72,2010-11,,
DEPARTMENT OF ATOMIC ENERGY,1399.00,3601.00,5000.00,2798.65,722.35,3521.00,8521.00,2010-11,,
MINISTRY OF CHEMICALS AND FERTILISERS,504.93,275.07,780.00,50051.79,1.21,50053.00,50833.00,2010-11,,
MINISTRY OF CIVIL AVIATION,571.30,1428.70,2000.00,885.00,...,885.00,2885.00,2010-11,,
MINISTRY OF COAL,400.00,...,400.00,47.70,...,47.70,447.70,2010-11,,
MINISTRY OF COMMERCE AND INDUSTRY,2037.01,692.99,2730.00,2458.92,...,2458.92,5188.92,2010-11,,
MINISTRY OF COMMUNICATIONS AND INFORMATION TECHNOLOGY,3154.50,2165.50,5320.00,8854.01,10.00,8864.01,14184.01,2010-11,,
"MINISTRY OF CONSUMER AFFAIRS, FOOD AND PUBLIC DISTRIBUTION",251.80,68.20,320.00,56287.05,1.20,56288.25,56608.25,2010-11,,
MINISTRY OF CORPORATE AFFAIRS,6.00,34.00,40.00,197.01,12.00,209.01,249.01,2010-11,,
MINISTRY OF CULTURE,692.00,43.00,735.00,503.00,...,503.00,1238.00,2010-11,,
MINISTRY OF DEFENCE,...,...,...,114590.13,61181.72,175771.85,175771.85,2010-11,,
MINISTRY OF DEVELOPMENT OF NORTH EASTERN REGION,1603.00,137.00,1740.00,15.33,4.00,19.33,1759.33,2010-11,,
MINISTRY OF EARTH SCIENCES,718.21,281.79,1000.00,299.50,2.50,302.00,1302.00,2010-11,,
MINISTRY OF ENVIRONMENT AND FORESTS,2169.07,30.93,2200.00,136.67,14.49,151.16,2351.16,2010-11,,
MINISTRY OF EXTERNAL AFFAIRS,321.60,378.40,700.00,5300.00,375.00,5675.00,6375.00,2010-11,,
MINISTRY OF FINANCE,64922.84,7650.90,72573.74,339367.91,19406.35,358774.26,431348.00,2010-11,,
MINISTRY OF FOOD PROCESSING INDUSTRIES,297.49,102.51,400.00,9.72,...,9.72,409.72,2010-11,,
MINISTRY OF HEALTH AND FAMILY WELFARE,21076.49,1223.51,22300.00,2854.00,...,2854.00,25154.00,2010-11,,
MINISTRY OF HEAVY INDUSTRIES AND PUBLIC ENTERPRISES,273.80,106.70,380.50,116.93,400.00,516.93,897.43,2010-11,,
MINISTRY OF HOME AFFAIRS,2842.52,559.58,3402.10,27075.65,6658.32,33733.97,37136.07,2010-11,,
MINISTRY OF HOUSING AND URBAN POVERTY ALLEVIATION,1000.00,...,1000.00,7.03,...,7.03,1007.03,2010-11,,
MINISTRY OF HUMAN RESOURCE DEVELOPMENT,42032.00,...,42032.00,7872.00,...,7872.00,49904.00,2010-11,,
MINISTRY OF INFORMATION AND BROADCASTING,515.46,334.54,850.00,1754.18,...,1754.18,2604.18,2010-11,,
MINISTRY OF LABOUR AND EMPLOYMENT,956.83,8.33,965.16,1881.76,1.41,1883.17,2848.33,2010-11,,
MINISTRY OF LAW AND JUSTICE,280.00,...,280.00,496.63,15.02,511.65,791.65,2010-11,,
"MINISTRY OF MICRO, SMALL AND MEDIUM ENTERPRISES",2389.00,11.00,2400.00,247.40,1.30,248.70,2648.70,2010-11,,
MINISTRY OF MINES,160.21,39.79,200.00,366.14,...,366.14,566.14,2010-11,,
MINISTRY OF MINORITY AFFAIRS,2485.00,115.00,2600.00,15.37,...,15.37,2615.37,2010-11,,
MINISTRY OF NEW AND RENEWABLE ENERGY,944.70,53.30,998.00,10.50,...,10.50,1008.50,2010-11,,
MINISTRY OF OVERSEAS INDIAN AFFAIRS,...,...,...,71.80,9.20,81.00,81.00,2010-11,,
MINISTRY OF PANCHAYATI RAJ,5170.00,...,5170.00,0.71,...,0.71,5170.71,2010-11,,
MINISTRY OF PARLIAMENTARY AFFAIRS,...,...,...,7.47,...,7.47,7.47,2010-11,,
"MINISTRY OF PERSONNEL, PUBLIC GRIEVANCES AND PENSIONS",128.50,121.50,250.00,447.35,9.01,456.36,706.36,2010-11,,
MINISTRY OF PETROLEUM AND NATURAL GAS,37.00,...,37.00,3142.00,...,3142.00,3179.00,2010-11,,
MINISTRY OF PLANNING,1806.89,193.11,2000.00,59.32,...,59.32,2059.32,2010-11,,
MINISTRY OF POWER,6201.16,4428.84,10630.00,-155.13,...,-155.13,10474.87,2010-11,,
"THE PRESIDENT, PARLIAMENT, UNION PUBLIC SERVICE COMMISSION AND THE SECRETARIAT OF THE VICE-PRESIDENT",...,...,...,670.17,...,670.17,670.17,2010-11,,
MINISTRY OF  ROAD TRANSPORT AND HIGHWAYS,12008.65,7885.10,19893.75,1977.22,2207.68,4184.90,24078.65,2010-11,,
MINISTRY OF RURAL DEVELOPMENT,79332.18,7.82,79340.00,47.44,...,47.44,79387.44,2010-11,,
MINISTRY OF SCIENCE AND TECHNOLOGY,4784.00,41.00,4825.00,1751.60,2.40,1754.00,6579.00,2010-11,,
MINISTRY OF SHIPPING,137.22,485.78,623.00,1357.19,-44.30,1312.89,1935.89,2010-11,,
MINISTRY OF SOCIAL JUSTICE AND EMPOWERMENT,4300.00,200.00,4500.00,74.00,...,74.00,4574.00,2010-11,,
DEPARTMENT OF SPACE,2322.76,2677.24,5000.00,778.00,...,778.00,5778.00,2010-11,,
MINISTRY OF STATISTICS AND PROGRAMME IMPLEMENTATION,1838.31,9.69,1848.00,300.35,...,300.35,2148.35,2010-11,,
MINISTRY OF STEEL,35.00,1.00,36.00,71.62,...,71.62,107.62,2010-11,,
MINISTRY OF TEXTILES,4696.37,28.63,4725.00,782.57,100.51,883.08,5608.08,2010-11,,
MINISTRY OF TOURISM,1039.00,11.00,1050.00,69.41,...,69.41,1119.41,2010-11,,
MINISTRY OF TRIBAL AFFAIRS,3136.50,70.00,3206.50,13.87,...,13.87,3220.37,2010-11,,
UNION TERRITORIES (WITHOUT LEGISLATURE),1085.07,1007.33,2092.40,3190.17,-41.98,3148.19,5240.59 237-240,2010-11,,
MINISTRY OF URBAN DEVELOPMENT,672.78,4785.06,5457.84,1639.66,391.87,2031.53,7489.37,2010-11,,
MINISTRY OF WATER RESOURCES,592.50,107.50,700.00,403.20,1.80,405.00,1105.00,2010-11,,
MINISTRY OF WOMEN AND CHILD DEVELOPMENT,11000.00,...,11000.00,70.50,...,70.50,11070.50,2010-11,,
MINISTRY OF YOUTH AFFAIRS AND SPORTS,2249.00,595.00,2844.00,106.43,614.57,721.00,3565.00,2010-11,,
RAILWAYS **,...,15875.00,15875.00,...,...,,... 15875.00,2010-11,,
GRAND TOTAL,315124.90,57967.09,373091.99,643599.02,92058.23,735657.25,1108749.24,2010-11,,
MINISTRY OF AGRICULTURE,2945.68,316.32,3262.00,958.14,0.64,958.78,4220.78,2002-03,,
MINISTRY OF AGRO AND RURAL INDUSTRIES,578.50,1.50,580.00,87.03,0.60,87.63,667.63,2002-03,,
MINISTRY OF CHEMICALS AND FERTILISERS,50.61,284.39,335.00,11257.35,312.90,11570.25,11905.25,2002-03,,
MINISTRY OF CIVIL AVIATION,4.29,64.71,69.00,230.03,...,230.03,299.03,2002-03,,
MINISTRY OF COAL AND MINES,510.19,44.31,554.50,515.84,...,515.84,1070.34,2002-03,,
MINISTRY OF COMMERCE AND INDUSTRY,672.00,383.00,1055.00,1021.74,...,1021.74,2076.74,2002-03,,
MINISTRY OF COMMUNICATIONS AND INFORMATION TECHNOLOGY,627.80,175.20,803.00,1225.25,-11.49,1213.76,2016.76,2002-03,,
MINISTRY OF DEFENCE,...,...,...,54863.76,21747.40,76611.16,76611.16,2002-03,,
MINISTRY OF DISINVESTMENT,...,...,...,26.79,...,26.79,26.79,2002-03,,
DEPARTMENT OF DEVELOPMENT OF NORTH EASTERN REGION,366.73,103.17,469.90,7.11,1.50,8.61,478.51,2002-03,,
MINISTRY OF ENVIRONMENT AND FORESTS,967.21,22.79,990.00,121.05,...,121.05,1111.05,2002-03,,
MINISTRY OF EXTERNAL AFFAIRS,365.60,234.40,600.00,2454.54,183.80,2638.34,3238.34,2002-03,,
MINISTRY OF FINANCE,17870.91,24191.00,42061.91,143947.76,1373.90,145321.66,187383.57,2002-03,,
"MINISTRY OF CONSUMER AFFAIRS, FOOD AND PUBLIC DISTRIBUTION",14.40,39.98,54.38,21458.30,8.50,21466.80,21521.18,2002-03,,
MINISTRY OF FOOD PROCESSING INDUSTRIES,75.00,...,75.00,6.01,...,6.01,81.01,2002-03,,
MINISTRY OF HEALTH AND FAMILY WELFARE,6566.00,7.51,6573.51,1008.32,...,1008.32,7581.83,2002-03,,
MINISTRY OF HOME AFFAIRS,268.10,519.90,788.00,10991.37,1257.20,12248.57,13036.57,2002-03,,
MINISTRY OF HUMAN RESOURCE DEVELOPMENT,9224.24,0.01,9224.25,2821.10,...,2821.10,12045.35,2002-03,,
MINISTRY OF HEAVY INDUSTRIES AND PUBLIC ENTERPRISES,39.20,70.80,110.00,114.04,400.00,514.04,624.04,2002-03,,
MINISTRY OF INFORMATION AND BROADCASTING,115.98,299.02,415.00,1118.50,...,1118.50,1533.50,2002-03,,
MINISTRY OF LABOUR,134.36,14.23,148.59,733.03,...,733.03,881.62,2002-03,,
"MINISTRY OF LAW, JUSTICE AND COMPANY AFFAIRS",130.00,...,130.00,436.13,4.55,440.68,570.68,2002-03,,
MINISTRY OF NON-CONVENTIONAL ENERGY SOURCES,494.20,130.05,624.25,5.27,...,5.27,629.52,2002-03,,
MINISTRY OF PARLIAMENTARY AFFAIRS,...,...,...,4.21,...,4.21,4.21,2002-03,,
"MINISTRY OF PERSONNEL, PUBLIC GRIEVANCES AND PENSIONS",35.00,...,35.00,170.59,8.10,178.69,213.69,2002-03,,
MINISTRY OF PETROLEUM AND NATURAL GAS,...,...,...,6509.43,...,6509.43,6509.43,2002-03,,
MINISTRY OF PLANNING,15.71,7.50,23.21,30.43,...,30.43,53.64,2002-03,,
MINISTRY OF POWER,727.89,2572.11,3300.00,53.60,...,53.60,3353.60,2002-03,,
MINISTRY OF RURAL DEVELOPMENT,13620.00,50.00,13670.00,24.55,...,24.55,13694.55,2002-03,,
MINISTRY OF SCIENCE AND TECHNOLOGY,1224.00,56.00,1280.00,1009.01,1.75,1010.76,2290.76,2002-03,,
MINISTRY OF SMALL SCALE INDUSTRIES,345.60,...,345.60,51.51,...,51.51,397.11,2002-03,,
MINISTRY OF STATISTICS AND PROGRAMME IMPLEMENTATION,1679.16,28.84,1708.00,149.17,...,149.17,1857.17,2002-03,,
MINISTRY OF STEEL,...,12.00,12.00,68.19,2.00,70.19,82.19,2002-03,,
MINISTRY OF ROAD  TRANSPORT AND HIGHWAYS,3126.20,3753.80,6880.00,1567.42,236.72,1804.14,8684.14,2002-03,,
MINISTRY OF SHIPPING,110.48,307.91,418.39,224.10,13.50,237.60,655.99,2002-03,,
MINISTRY OF TEXTILES,699.37,15.63,715.00,285.95,584.55,870.50,1585.50,2002-03,,
MINISTRY OF TOURISM AND CULTURE,317.50,112.50,430.00,313.66,...,313.66,743.66,2002-03,,
MINISTRY OF TRIBAL AFFAIRS,1057.99,32.01,1090.00,6.38,...,6.38,1096.38,2002-03,,
MINISTRY OF URBAN DEVELOPMENT AND POVERTY ALLEVIATION,852.65,826.86,1679.51,871.11,226.54,1097.65,2777.16,2002-03,,
MINISTRY OF WATER RESOURCES,511.30,38.70,550.00,210.75,16.00,226.75,776.75,2002-03,,
MINISTRY OF SOCIAL JUSTICE AND EMPOWERMENT,1298.90,111.10,1410.00,56.63,2.25,58.88,1468.88,2002-03,,
MINISTRY OF YOUTH AFFAIRS AND SPORTS,276.77,8.23,285.00,54.36,0.03,54.39,339.39,2002-03,,
DEPARTMENT OF ATOMIC ENERGY,240.04,2259.96,2500.00,1043.62,325.33,1368.95,3868.95,2002-03,,
DEPARTMENT OF OCEAN DEVELOPMENT,174.00,1.00,175.00,24.28,...,24.28,199.28,2002-03,,
DEPARTMENT OF SPACE,1637.75,312.25,1950.00,313.87,...,313.87,2263.87,2002-03,,
"THE PRESIDENT, PARLIAMENT, UNION PUBLIC SERVICE COMMISSION AND THE SECRETARIAT OF THE VICE-PRESIDENT",...,...,...,311.88,...,311.88,311.88,2002-03,,
UNION TERRITORIES (WITHOUT LEGISLATURE),341.88,388.12,730.00,1406.44,-56.4,1350.04,2080.04,2002-03,,
RAILWAYS **,,5390,5390,...,,,5390,2002-03,,
Grand Total,70313.19,43186.81,113500.0,270169.6,26639.87,296809.47,410309.47,2002-03,,
MINISTRY OF AGRICULTURE,6702.66,264.34,6967.00,1231.49,0.53,1232.02,8199.02,2006-07,,
INDUSTRIES,966.50,0.50,967.00,86.32,1.31,87.63,1054.63,2006-07,,
DEPARTMENT OF ATOMIC ENERGY,323.08,3801.04,4124.12,896.29,484.67,1380.96,5505.08,2006-07,,
FERTILISERS,76.80,153.01,229.81,17297.17,28.23,17325.40,17555.21,2006-07,,
MINISTRY OF CIVIL AVIATION,54.09,75.91,130.00,318.60,...,318.60,448.60,2006-07,,
MINISTRY OF COAL,168.71,...,168.71,37.00,...,37.00,205.71,2006-07,,
MINISTRY OF COMMERCE AND INDUSTRY,1267.29,656.00,1923.29,1158.32,...,1158.32,3081.61,2006-07,,
INFORMATION TECHNOLOGY,1138.65,583.96,1722.61,4331.04,4.01,4335.05,6057.66,2006-07,,
MINISTRY OF COMPANY AFFAIRS,...,...,...,135.00,10.00,145.00,145.00,2006-07,,
AND PUBLIC DISTRIBUTION,204.83,53.97,258.80,24528.40,6.60,24535.00,24793.80,2006-07,,
MINISTRY OF CULTURE,422.00,48.00,470.00,350.00,...,350.00,820.00,2006-07,,
MINISTRY OF DEFENCE,...,...,...,65983.67,38140.17,104123.84,104123.84,2006-07,,
NORTH EASTERN REGION,1244.51,105.49,1350.00,9.23,3.56,12.79,1362.79,2006-07,,
AND FORESTS,1327.92,11.01,1338.93,167.71,13.50,181.21,1520.14,2006-07,,
MINISTRY OF EXTERNAL AFFAIRS,151.90,70.40,222.30,3312.74,160.01,3472.75,3695.05,2006-07,,
MINISTRY OF FINANCE,26313.77,4500.00,30813.77,187660.45,4285.37,191945.82,222759.59,2006-07,,
INDUSTRIES,166.90,...,166.90,6.80,...,6.80,173.70,2006-07,,
FAMILY WELFARE,11593.54,77.68,11671.22,1322.55,...,1322.55,12993.77,2006-07,,
PUBLIC ENTERPRISES,300.62,180.88,481.50,59.66,400.00,459.66,941.16,2006-07,,
MINISTRY OF HOME AFFAIRS,831.97,290.25,1122.22,16208.58,1882.98,18091.56,19213.78,2006-07,,
DEVELOPMENT,25539.84,0.01,25539.85,3428.08,...,3428.08,28967.93,2006-07,,
BROADCASTING,380.53,157.47,538.00,1178.00,...,1178.00,1716.00,2006-07,,
MINISTRY OF LABOUR AND EMPLOYMENT,311.36,...,311.36,1170.00,...,1170.00,1481.36,2006-07,,
MINISTRY OF LAW AND JUSTICE,203.95,...,203.95,724.74,0.03,724.77,928.72,2006-07,,
MINISTRY OF MINES,134.05,106.95,241.00,229.02,25.00,254.02,495.02,2006-07,,
ENERGY SOURCES,531.75,65.25,597.00,6.64,...,6.64,603.64,2006-07,,
MINISTRY OF OVERSEAS INDIAN AFFAIRS,...,...,...,35.50,2.50,38.00,38.00,2006-07,,
DEPARTMENT OF OCEAN DEVELOPMENT,438.00,...,438.00,37.75,...,37.75,475.75,2006-07,,
MINISTRY OF PANCHAYATI RAJ,3825.00,...,3825.00,0.73,...,0.73,3825.73,2006-07,,
MINISTRY OF PARLIAMENTARY AFFAIRS,...,...,...,6.00,...,6.00,6.00,2006-07,,
GRIEVANCES AND PENSIONS,67.37,27.93,95.30,240.90,9.10,250.00,345.30,2006-07,,
NATURAL GAS,...,...,...,3106.62,...,3106.62,3106.62,2006-07,,
MINISTRY OF PLANNING,89.76,...,89.76,34.07,...,34.07,123.83,2006-07,,
MINISTRY OF POWER,3702.26,1797.74,5500.00,67.00,...,67.00,5567.00,2006-07,,
PRESIDENT,...,...,...,430.07,...,430.07,430.07,2006-07,,
MINISTRY OF RURAL DEVELOPMENT,31443.62,...,31443.62,27.34,...,27.34,31470.96,2006-07,,
TECHNOLOGY,2683.90,152.10,2836.00,1193.00,1.60,1194.60,4030.60,2006-07,,
TRANSPORT AND HIGHWAYS,8553.47,5362.69,13916.16,2393.08,234.74,2627.82,16543.98,2006-07,,
MINISTRY OF SMALL SCALE INDUSTRIES,451.33,15.00,466.33,53.91,4.00,57.91,524.24,2006-07,,
EMPOWERMENT,1547.71,202.29,1750.00,67.60,...,67.60,1817.60,2006-07,,
DEPARTMENT OF SPACE,2702.30,517.70,3220.00,390.00,...,390.00,3610.00,2006-07,,
PROGRAMME IMPLEMENTATION,1635.47,27.92,1663.39,153.18,...,153.18,1816.57,2006-07,,
MINISTRY OF STEEL,...,45.00,45.00,84.50,...,84.50,129.50,2006-07,,
MINISTRY OF TEXTILES,1338.00,11.50,1349.50,695.58,1000.67,1696.25,3045.75,2006-07,,
MINISTRY OF TOURISM,334.50,495.50,830.00,42.82,...,42.82,872.82,2006-07,,
MINISTRY OF TRIBAL AFFAIRS,1642.89,14.01,1656.90,10.56,...,10.56,1667.46,2006-07,,
LEGISLATURE,592.92,1079.04,1671.96,2100.90,-142.90,1958.00,3629.96,2006-07,,
MINISTRY OF URBAN DEVELOPMENT,684.42,1165.36,1849.78,1102.05,254.43,1356.48,3206.26,2006-07,,
AND POVERTY ALLEVIATION,421.67,...,421.67,4.39,5.61,10.00,431.67,2006-07,,
MINISTRY OF WATER RESOURCES,657.11,42.89,700.00,243.91,17.60,261.51,961.51,2006-07,,
MINISTRY OF YOUTH AFFAIRS & SPORTS,593.50,6.50,600.00,68.97,0.03,69.00,669.00,2006-07,,
MINISTRY OF MINORITY AFFAIRS,...,...,...,2.00,...,2.00,2.00,2006-07,,
RAILWAYS **,...,6800.14,6800.14,...,...,,6800.14,2006-07,,
GRAND TOTAL,143762.42,28965.43,172727.85,344429.93,46833.35,391263.28,563991.13,2006-07,,
MINISTRY OF AGRICULTURE,7776.65,313.35,8090.00,1271.46,0.75,1272.21,9362.21,2007-08,,
INDUSTRIES,1108.00,4.00,1112.00,86.32,1.31,87.63,1199.63,2007-08,,
DEPARTMENT OF ATOMIC ENERGY,639.49,3956.51,4596.00,1070.81,463.19,1534.00,6130.00,2007-08,,
FERTILISERS,172.49,81.51,254.00,22501.33,33.67,22535.00,22789.00,2007-08,,
MINISTRY OF CIVIL AVIATION,58.00,142.00,200.00,417.56,..,417.56,617.56,2007-08,,
MINISTRY OF COAL,250.00,..,250.00,38.00,..,38.00,288.00,2007-08,,
MINISTRY OF COMMERCE AND INDUSTRY,1268.00,707.00,1975.00,1179.44,..,1179.44,3154.44,2007-08,,
INFORMATION TECHNOLOGY,1652.79,502.21,2155.00,4931.37,4.01,4935.38,7090.38,2007-08,,
MINISTRY OF COMPANY AFFAIRS,7.00,40.00,47.00,139.00,15.00,154.00,201.00,2007-08,,
FOOD AND PUBLIC DISTRIBUTION,223.90,74.10,298.00,26030.04,6.60,26036.64,26334.64,2007-08,,
MINISTRY OF CULTURE,507.00,50.00,557.00,375.61,..,375.61,932.61,2007-08,,
MINISTRY OF DEFENCE,..,..,..,69992.32,42703.51,112695.83,112695.83,2007-08,,
NORTH EASTERN REGION,1229.00,151.00,1380.00,9.70,3.37,13.07,1393.07,2007-08,,
MINISTRY OF EARTH SCIENCES,417.09,272.91,690.00,196.40,0.60,197.00,887.00,2007-08,,
FORESTS,1339.96,11.04,1351.00,177.99,10.01,188.00,1539.00,2007-08,,
MINISTRY OF EXTERNAL AFFAIRS,395.40,104.60,500.00,3278.98,654.62,3933.60,4433.60,2007-08,,
MINISTRY OF FINANCE,34247.39,3386.50,37633.89,214119.25,42302.64,256421.89,294055.78,2007-08,,
INDUSTRIES,220.00,30.00,250.00,8.30,..,8.30,258.30,2007-08,,
WELFARE,14007.15,355.85,14363.00,1491.88,..,1491.88,15854.88,2007-08,,
PUBLIC ENTERPRISES,231.42,228.58,460.00,60.73,400.00,460.73,920.73,2007-08,,
MINISTRY OF HOME AFFAIRS,1338.76,308.00,1646.76,16545.23,4430.50,20975.73,22622.49,2007-08,,
POVERTY ALLEVIATION,500.00,..,500.00,4.14,5.61,9.75,509.75,2007-08,,
DEVELOPMENT,28670.50,1.00,28671.50,3680.22,..,3680.22,32351.72,2007-08,,
BROADCASTING,184.88,290.12,475.00,1206.84,..,1206.84,1681.84,2007-08,,
MINISTRY OF LABOUR AND EMPLOYMENT,321.74,3.74,325.48,1306.70,1.30,1308.00,1633.48,2007-08,,
MINISTRY OF LAW AND JUSTICE,245.00,..,245.00,639.73,0.03,639.76,884.76,2007-08,,
MINISTRY OF MINES,98.59,55.41,154.00,235.70,..,235.70,389.70,2007-08,,
MINISTRY OF MINORITY AFFAIRS,430.00,70.00,500.00,12.83,..,12.83,512.83,2007-08,,
ENERGY,561.75,64.25,626.00,6.90,..,6.90,632.90,2007-08,,
MINISTRY OF OVERSEAS INDIAN AFFAIRS,..,..,..,40.00,10.00,50.00,50.00,2007-08,,
MINISTRY OF PANCHAYATI RAJ,4770.00,..,4770.00,0.50,..,0.50,4770.50,2007-08,,
MINISTRY OF PARLIAMENTARY AFFAIRS,..,..,..,6.10,..,6.10,6.10,2007-08,,
GRIEVANCES AND PENSIONS,61.50,28.50,90.00,266.99,9.01,276.00,366.00,2007-08,,
NATURAL GAS,..,..,..,2867.81,..,2867.81,2867.81,2007-08,,
MINISTRY OF PLANNING,82.50,7.50,90.00,39.32,..,39.32,129.32,2007-08,,
MINISTRY OF POWER,4472.72,1010.28,5483.00,69.19,..,69.19,5552.19,2007-08,,
THE VICE-PRESIDENT,..,..,..,475.37,..,475.37,475.37,2007-08,,
MINISTRY OF RURAL DEVELOPMENT,36560.00,..,36560.00,28.38,..,28.38,36588.38,2007-08,,
TECHNOLOGY,3199.30,71.70,3271.00,1098.40,2.30,1100.70,4371.70,2007-08,,
TRANSPORT AND HIGHWAYS,8709.99,6109.51,14819.50,2555.78,371.92,2927.70,17747.20,2007-08,,
MINISTRY OF SMALL SCALE INDUSTRIES,530.00,..,530.00,55.41,..,55.41,585.41,2007-08,,
EMPOWERMENT,1876.00,125.00,2001.00,58.15,..,58.15,2059.15,2007-08,,
DEPARTMENT OF SPACE,1838.90,1581.10,3420.00,438.60,..,438.60,3858.60,2007-08,,
PROGRAMME IMPLEMENTATION,1653.38,18.62,1672.00,181.54,..,181.54,1853.54,2007-08,,
MINISTRY OF STEEL,1.00,65.00,66.00,84.50,..,84.50,150.50,2007-08,,
MINISTRY OF TEXTILES,2221.00,22.00,2243.00,590.20,303.48,893.68,3136.68,2007-08,,
MINISTRY OF TOURISM,347.00,606.00,953.00,43.62,..,43.62,996.62,2007-08,,
MINISTRY OF TRIBAL AFFAIRS,1684.69,35.02,1719.71,12.33,..,12.33,1732.04,2007-08,,
LEGISLATURE,635.02,1156.31,1791.33,2031.79,-162.44,1869.35,3660.68,2007-08,,
MINISTRY OF URBAN DEVELOPMENT,584.50,1751.02,2335.52,1177.14,301.86,1479.00,3814.52,2007-08,,
MINISTRY OF WATER RESOURCES,558.00,42.00,600.00,269.96,1.80,271.76,871.76,2007-08,,
DEVELOPMENT,5793.00,..,5793.00,60.00,..,60.00,5853.00,2007-08,,
MINISTRY OF YOUTH AFFAIRS & SPORTS,673.24,26.76,700.00,79.97,0.03,80.00,780.00,2007-08,,
RAILWAYS **,..,6886.31,6886.31,..,..,,6886.31,2007-08,,
GRAND TOTAL,174353.69,30746.31,205100.00,383545.83,91874.68,475420.51,680520.51,2007-08,,
MINISTRY OF AGRICULTURE,2979.22,282.78,3262.00,1171.89,1172.31,1172.31,4434.31,2003-04,,
MINISTRY OF AGRO AND RURAL INDUSTRIES,579.50,0.50,580.00,87.52,87.63,87.63,667.63,2003-04,,
DEPARTMENT OF ATOMIC ENERGY,180.50,2619.50,2800.00,591.00,1000.09,1000.09,3800.09,2003-04,,
MINISTRY OF CHEMICALS AND FERTILISERS,60.72,191.28,252.00,12752.11,13199.90,13199.90,13451.90,2003-04,,
MINISTRY OF CIVIL AVIATION,5.77,47.11,52.88,236.46,236.46,236.46,289.34,2003-04,,
MINISTRY OF COAL,285.90,...,285.90,152.00,152.00,152.00,437.90,2003-04,,
MINISTRY OF MINES,208.01,20.49,228.50,405.24,405.24,405.24,633.74,2003-04,,
MINISTRY OF COMMERCE AND INDUSTRY,1012.00,153.00,1165.00,1041.13,1041.13,1041.13,2206.13,2003-04,,
MINISTRY OF COMMUNICATIONS AND INFORMATION TECHNOLOGY,629.08,167.06,796.14,1500.98,1502.99,1502.99,2299.13,2003-04,,
"MINISTRY OF CONSUMER AFFAIRS, FOOD AND PUBLIC DISTRIBUTION",10.72,43.18,53.90,28041.82,28043.32,28043.32,28097.22,2003-04,,
MINISTRY OF DEFENCE,...,...,...,55594.01,76932.59,76932.59,76932.59,2003-04,,
DEPARTMENT OF DEVELOPMENT OF NORTH EASTERN REGION,912.40,157.50,1069.90,7.58,7.58,7.58,1077.48,2003-04,,
MINISTRY OF DISINVESTMENT,...,...,...,28.37,28.37,28.37,28.37,2003-04,,
MINISTRY OF ENVIRONMENT AND FORESTS,984.55,25.45,1010.00,114.59,114.59,114.59,1124.59,2003-04,,
MINISTRY OF EXTERNAL AFFAIRS,402.00,248.00,650.00,2636.99,2760.00,2760.00,3410.00,2003-04,,
MINISTRY OF FINANCE AND COMPANY AFFAIRS,22402.33,23196.92,45599.25,151885.16,155396.85,155396.85,200996.10,2003-04,,
MINISTRY OF FOOD PROCESSING INDUSTRIES,75.00,...,75.00,5.84,5.84,5.84,80.84,2003-04,,
MINISTRY OF HEALTH AND FAMILY WELFARE,6579.30,2.00,6581.30,1038.78,1038.78,1038.78,7620.08,2003-04,,
MINISTRY OF HEAVY INDUSTRIES AND PUBLIC ENTERPRISES,42.25,67.75,110.00,103.26,503.26,503.26,613.26,2003-04,,
MINISTRY OF HOME AFFAIRS,296.40,568.60,865.00,10997.13,12317.06,12317.06,13182.06,2003-04,,
MINISTRY OF HUMAN RESOURCE DEVELOPMENT,9624.14,0.01,9624.15,2890.94,2890.94,2890.94,12515.09,2003-04,,
MINISTRY OF INFORMATION AND BROADCASTING,183.41,231.59,415.00,1106.12,1106.12,1106.12,1521.12,2003-04,,
MINISTRY OF LABOUR,145.49,...,145.49,710.90,...,710.90,856.39,2003-04,,
MINISTRY OF LAW AND JUSTICE,120.00,...,120.00,514.22,0.55,514.77,634.77,2003-04,,
MINISTRY OF NON-CONVENTIONAL ENERGY SOURCES,499.76,125.04,624.80,5.35,5.35,5.35,630.15,2003-04,,
DEPARTMENT OF OCEAN DEVELOPMENT,175.00,...,175.00,24.33,...,24.33,199.33,2003-04,,
MINISTRY OF PARLIAMENTARY AFFAIRS,...,...,...,4.04,...,4.04,4.04,2003-04,,
"MINISTRY OF PERSONNEL, PUBLIC GRIEVANCES AND PENSIONS",34.00,...,34.00,82.01,91.01,91.01,125.01,2003-04,,
MINISTRY OF PETROLEUM AND NATURAL GAS,...,...,...,8128.28,8128.28,8128.28,8128.28,2003-04,,
MINISTRY OF PLANNING,48.21,...,48.21,30.56,...,30.56,78.77,2003-04,,
MINISTRY OF POWER,676.92,2823.08,3500.00,56.84,...,56.84,3556.84,2003-04,,
"THE PRESIDENT, PARLIAMENT, UNION PUBLIC SERVICE COMMISSION AND THE SECRETARIAT OF THE VICE-PRESIDENT",...,...,...,329.92,329.92,329.92,329.92,2003-04,,
MINISTRY OF ROAD  TRANSPORT AND HIGHWAYS,3107.70,4128.06,7235.76,1491.63,1700.33,1700.33,8936.09,2003-04,,
MINISTRY OF RURAL DEVELOPMENT,14060.00,10.00,14070.00,24.32,24.32,24.32,14094.32,2003-04,,
MINISTRY OF SCIENCE AND TECHNOLOGY,1514.00,56.00,1570.00,1013.68,1015.88,1015.88,2585.88,2003-04,,
MINISTRY OF SHIPPING,89.75,325.19,414.94,364.35,351.61,351.61,766.55,2003-04,,
MINISTRY OF SMALL SCALE INDUSTRIES,326.49,20.00,346.49,51.07,51.07,51.07,397.56,2003-04,,
MINISTRY OF SOCIAL JUSTICE AND EMPOWERMENT,1282.50,127.50,1410.00,59.56,59.56,59.56,1469.56,2003-04,,
DEPARTMENT OF SPACE,1569.97,480.03,2050.00,318.47,318.47,318.47,2368.47,2003-04,,
MINISTRY OF STATISTICS AND PROGRAMME IMPLEMENTATION,1623.65,25.13,1648.78,145.55,145.55,145.55,1794.33,2003-04,,
MINISTRY OF STEEL,...,11.00,11.00,68.31,70.31,70.31,81.31,2003-04,,
MINISTRY OF TEXTILES,743.16,16.84,760.00,475.24,947.84,947.84,1707.84,2003-04,,
MINISTRY OF TOURISM AND CULTURE,344.70,205.50,550.20,359.82,359.82,359.82,910.02,2003-04,,
MINISTRY OF TRIBAL AFFAIRS,1045.74,41.26,1087.00,10.70,10.70,10.70,1097.70,2003-04,,
UNION TERRITORIES WITHOUT LEGISLATURE,362.93,387.07,750.00,1590.38,1537.75,1537.75,2287.75,2003-04,,
MINISTRY OF URBAN DEVELOPMENT AND POVERTY ALLEVIATION,733.80,1629.27,2363.07,880.98,1118.72,1118.72,3481.79,2003-04,,
MINISTRY OF WATER RESOURCES,510.50,43.50,554.00,198.79,214.79,214.79,768.79,2003-04,,
MINISTRY OF YOUTH AFFAIRS & SPORTS,375.77,9.23,385.00,55.27,55.30,55.30,440.30,2003-04,,
RAILWAYS **,...,5644.34,5644.34,...,...,...,... 5644.34,2003-04,,
GRAND TOTAL,76843.24,44130.76,120974.00,289383.49,317821.07,317821.07,438795.07,2003-04,,
MINISTRY OF AGRICULTURE,3935.43,234.57,4170.00,1123.16,1133.73,1133.73,5303.73,2004-05,,
INDUSTRIES,773.50,0.50,774.00,86.52,87.63,87.63,861.63,2004-05,,
DEPARTMENT OF ATOMIC ENERGY,231.10,3280.90,3512.00,668.76,957.97,957.97,4469.97,2004-05,,
FERTILISERS,83.53,124.02,207.55,12695.39,12745.01,12745.01,12952.56,2004-05,,
MINISTRY OF CIVIL AVIATION,4.95,45.05,50.00,237.10,237.10,237.10,287.10,2004-05,,
MINISTRY OF COAL AND MINES,316.55,145.77,462.32,480.00,510.00,510.00,972.32,2004-05,,
MINISTRY OF COMMERCE AND INDUSTRY,1053.15,545.10,1598.25,1339.63,1339.63,1339.63,2937.88,2004-05,,
INFORMATION  TECHNOLOGY,887.50,227.23,1114.73,1674.27,2184.28,2184.28,3299.01,2004-05,,
MINISTRY OF COMPANY AFFAIRS,...,...,...,54.50,57.50,57.50,57.50,2004-05,,
FOOD AND PUBLIC DISTRIBUTION,12.17,54.72,66.89,26117.07,26119.03,26119.03,26185.92,2004-05,,
MINISTRY OF CULTURE,354.50,45.50,400.00,312.83,312.83,312.83,712.83,2004-05,,
MINISTRY OF DEFENCE,...,...,...,55217.68,89136.35,89136.35,89136.35,2004-05,,
EASTERN REGION,1031.00,154.00,1185.00,7.56,9.70,9.70,1194.70,2004-05,,
AND FORESTS,1133.25,16.75,1150.00,151.21,151.21,151.21,1301.21,2004-05,,
MINISTRY OF EXTERNAL AFFAIRS,455.00,280.00,735.00,2809.06,2905.69,2905.69,3640.69,2004-05,,
MINISTRY OF FINANCE,23694.80,26157.92,49852.72,159671.15,160655.01,160655.01,210507.73,2004-05,,
INDUSTRIES,110.00,...,110.00,5.68,5.68,5.68,115.68,2004-05,,
FAMILY WELFARE,7441.79,0.51,7442.30,970.82,995.82,995.82,8438.12,2004-05,,
PUBLIC ENTERPRISES,89.87,71.13,161.00,102.65,502.65,502.65,663.65,2004-05,,
MINISTRY OF HOME AFFAIRS,296.03,590.97,887.00,12750.26,14116.61,14116.61,15003.61,2004-05,,
DEVELOPMENT,10624.14,0.01,10624.15,2892.11,2892.11,2892.11,13516.26,2004-05,,
BROADCASTING,229.14,250.86,480.00,1034.17,1034.17,1034.17,1514.17,2004-05,,
MINISTRY OF LABOUR AND EMPLOYMENT,166.97,...,166.97,756.57,756.57,756.57,923.54,2004-05,,
MINISTRY OF LAW AND JUSTICE,140.00,...,140.00,1267.88,1268.90,1268.90,1408.90,2004-05,,
ENERGY SOURCES,503.76,96.04,599.80,5.47,5.47,5.47,605.27,2004-05,,
INDIANS AFFAIRS,...,...,...,6.00,7.00,7.00,7.00,2004-05,,
MINISTRY OF PANCHAYATI RAJ,30.60,...,30.60,0.44,0.44,0.44,31.04,2004-05,,
DEPARTMENT OF OCEAN DEVELOPMENT,199.00,1.00,200.00,30.08,30.08,30.08,230.08,2004-05,,
MINISTRY OF PARLIAMENTARY AFFAIRS,...,...,...,5.89,5.89,5.89,5.89,2004-05,,
GRIEVANCES AND PENSIONS,42.09,6.15,48.24,209.71,219.71,219.71,267.95,2004-05,,
NATURAL GAS,...,...,...,3573.42,3573.42,3573.42,3573.42,2004-05,,
MINISTRY OF PLANNING,6416.00,3684.00,10100.00,30.88,30.88,30.88,10130.88,2004-05,,
MINISTRY OF POWER,962.40,2637.60,3600.00,62.47,62.47,62.47,3662.47,2004-05,,
THE VICE-PRESIDENT,...,...,...,363.50,363.50,363.50,363.50,2004-05,,
AND HIGHWAYS,2884.60,5027.40,7912.00,1526.05,1725.00,1725.00,9637.00,2004-05,,
MINISTRY OF RURAL DEVELOPMENT,15993.40,5.00,15998.40,23.43,23.43,23.43,16021.83,2004-05,,
TECHNOLOGY,1777.40,72.60,1850.00,1054.19,1056.39,1056.39,2906.39,2004-05,,
MINISTRY OF SHIPPING,157.05,310.13,467.18,333.50,314.00,314.00,781.18,2004-05,,
MINISTRY OF SMALL SCALE INDUSTRIES,347.25,15.00,362.25,52.15,52.15,52.15,414.40,2004-05,,
EMPOWERMENT,1312.25,179.75,1492.00,65.01,65.01,65.01,1557.01,2004-05,,
DEPARTMENT OF SPACE,1836.01,563.99,2400.00,331.29,331.29,331.29,2731.29,2004-05,,
PROGRAMME IMPLEMENTATION,1694.49,20.84,1715.33,140.38,140.38,140.38,1855.71,2004-05,,
MINISTRY OF STEEL,...,15.00,15.00,91.65,165.54,165.54,180.54,2004-05,,
MINISTRY OF TEXTILES,866.97,11.03,878.00,457.96,902.31,902.31,1780.31,2004-05,,
MINISTRY OF TOURISM,186.00,314.00,500.00,41.24,41.74,41.74,541.74,2004-05,,
MINISTRY OF TRIBAL AFFAIRS,1095.74,50.26,1146.00,13.01,13.01,13.01,1159.01,2004-05,,
LEGISLATURE,376.24,368.29,744.53,1658.93,1599.90,1599.90,2344.43 206-209,2004-05,,
MINISTRY OF URBAN DEVELOPMENT,651.15,860.89,1512.04,842.46,1067.69,1067.69,2579.73,2004-05,,
MINISTRY OF WATER RESOURCES,537.82,42.18,580.0,231.63,17.6,294.23,829.23,2004-05,,
MINISTRY OF YOUTH AFFAIRS AND SPORTS,385.79,14.21,400.0,65.97,0.03,66.0,466.0,2004-05,,
RAILWAYS **,...,6919.0,6919.0,...,...,...,6919.0,2004-05,,
Grand Total,91843.48,53746.87,145590.25,293649.87,38588.92,332238.79,477829.04,2004-05,,
MINISTRY OF AGRICULTURE,5755.84,272.56,6028.40,1208.53,1214.12,1214.12,7242.52,2005-06,,
INDUSTRIES,858.50,0.50,859.00,86.32,87.63,87.63,946.63,2005-06,,
DEPARTMENT OF ATOMIC ENERGY,237.80,3693.59,3931.39,649.08,1064.47,1064.47,4995.86,2005-06,,
FERTILISERS,80.04,114.78,194.82,16948.60,17117.25,17117.25,17312.07,2005-06,,
MINISTRY OF CIVIL AVIATION,5.85,365.00,370.85,262.65,262.65,262.65,633.50,2005-06,,
MINISTRY OF COAL,152.05,...,152.05,40.02,40.02,40.02,192.07,2005-06,,
MINISTRY OF MINES,179.73,41.15,220.88,220.98,220.98,220.98,441.86,2005-06,,
MINISTRY OF COMMERCE AND INDUSTRY,1288.00,612.00,1900.00,1160.27,1160.27,1160.27,3060.27,2005-06,,
INFORMATION TECHNOLOGY,1032.46,409.45,1441.91,3953.13,4155.14,4155.14,5597.05,2005-06,,
MINISTRY OF COMPANY AFFAIRS,...,...,...,113.37,116.27,116.27,116.27,2005-06,,
FOOD AND PUBLIC DISTRIBUTION,133.79,68.02,201.81,26520.03,26521.63,26521.63,26723.44,2005-06,,
MINISTRY OF CULTURE,489.32,61.80,551.12,314.15,314.15,314.15,865.27,2005-06,,
MINISTRY OF DEFENCE,...,...,...,62047.69,96952.00,96952.00,96952.00,2005-06,,
NORTH EASTERN REGION,1031.25,55.00,1086.25,8.92,12.48,12.48,1098.73,2005-06,,
MINISTRY OF ENVIRONMENT AND,1223.99,10.92,1234.91,153.28,153.28,153.28,1388.19,2005-06,,
MINISTRY OF EXTERNAL AFFAIRS,479.00,286.00,765.00,3095.58,3163.00,3163.00,3928.00,2005-06,,
MINISTRY OF FINANCE,27342.45,1400.00,28742.45,179706.30,1301.36,181007.66,209750.11,2005-06,,
INDUSTRIES,180.00,...,180.00,6.55,6.55,6.55,186.55,2005-06,,
FAMILY WELFARE,9648.77,2.00,9650.77,1011.34,1036.34,1036.34,10687.11,2005-06,,
PUBLIC ENTERPRISES,275.70,160.30,436.00,58.25,458.25,458.25,894.25,2005-06,,
MINISTRY OF HOME AFFAIRS,456.05,253.00,709.05,15141.51,17144.82,17144.82,17853.87,2005-06,,
DEVELOPMENT,19117.54,0.01,19117.55,3150.59,3150.59,3150.59,22268.14,2005-06,,
BROADCASTING,254.03,273.97,528.00,1075.00,1075.00,1075.00,1603.00,2005-06,,
MINISTRY OF LABOUR AND EMPLOYMENT,219.48,...,219.48,972.61,972.61,972.61,1192.09,2005-06,,
MINISTRY OF LAW AND JUSTICE,220.00,...,220.00,324.11,325.13,325.13,545.13,2005-06,,
ENERGY SOURCES,529.70,70.05,599.75,5.63,5.63,5.63,605.38,2005-06,,
MINISTRY OF OVERSEAS INDIAN AFFAIRS,...,...,...,32.00,35.00,35.00,35.00,2005-06,,
MINISTRY OF PANCHAYATI RAJ,50.00,...,50.00,0.44,0.44,0.44,50.44,2005-06,,
DEPARTMENT OF OCEAN DEVELOPMENT,340.00,...,340.00,37.00,37.00,37.00,377.00,2005-06,,
MINISTRY OF PARLIAMENTARY AFFAIRS,...,...,...,5.90,5.90,5.90,5.90,2005-06,,
GRIEVANCES AND PENSIONS,53.91,21.09,75.00,219.93,229.00,229.00,304.00,2005-06,,
NATURAL GAS,...,...,...,3669.00,3669.00,3669.00,3669.00,2005-06,,
MINISTRY OF PLANNING,75.00,...,75.00,31.80,31.80,31.80,106.80,2005-06,,
MINISTRY OF POWER,348.02,2651.98,3000.00,61.70,61.70,61.70,3061.70,2005-06,,
VICE-PRESIDENT,...,...,...,378.74,378.74,378.74,378.74,2005-06,,
MINISTRY OF RURAL DEVELOPMENT,24475.21,4.79,24480.00,24.73,24.73,24.73,24504.73,2005-06,,
TECHNOLOGY,2360.68,170.32,2531.00,1117.90,1120.60,1120.60,3651.60,2005-06,,
TRANSPORT AND HIGHWAYS,5255.13,7400.23,12655.36,2078.76,2254.92,2254.92,14910.28,2005-06,,
INDUSTRIES,390.71,18.20,408.91,51.39,51.39,51.39,460.30,2005-06,,
AND EMPOWERMENT,1415.60,118.10,1533.70,66.00,66.00,66.00,1599.70,2005-06,,
DEPARTMENT OF SPACE,2192.16,607.84,2800.00,348.00,348.00,348.00,3148.00,2005-06,,
PROGRAMME IMPLEMENTATION,1670.47,22.23,1692.70,147.29,147.29,147.29,1839.99,2005-06,,
MINISTRY OF STEEL,...,15.00,15.00,72.53,74.53,74.53,89.53,2005-06,,
MINISTRY OF TEXTILES,1140.02,9.98,1150.00,397.90,858.25,858.25,2008.25,2005-06,,
MINISTRY OF TOURISM,300.25,485.75,786.00,38.70,42.20,42.20,828.20,2005-06,,
MINISTRY OF TRIBAL AFFAIRS,1462.81,36.01,1498.82,10.92,10.92,10.92,1509.74,2005-06,,
LEGISLATURE,458.54,444.99,903.53,2322.21,2228.38,2228.38,3131.91,2005-06,,
MINISTRY OF URBAN DEVELOPMENT,1294.90,785.43,2080.33,872.93,1099.72,1099.72,3180.05,2005-06,,
AND POVERTY ALLEVIATION,500.00,...,500.00,6.42,12.03,12.03,512.03,2005-06,,
MINISTRY OF WATER RESOURCES,575.86,45.14,621.00,235.96,253.56,253.56,874.56,2005-06,,
AND SPORTS,430.88,8.11,438.99,67.97,68.00,68.00,506.99,2005-06,,
RAILWAYS **,...,6520.00,6520.00,...,...,...,6520.00,2005-06,,
Grand Total,115981.49,27515.29,143496.78,330530.61,40316.41,370847.02,514343.8,2005-06,,
DEPARTMENT OF ATOMIC ENERGY,2309.93,3570.07,5880.0,3219.03,734.29,3953.32,9833.32,2013-14,,
MINISTRY OF CHEMICALS  AND FERTILISERS,1363.9,293.1,1657.0,66183.23,0.11,66183.34,67840.34,2013-14,,
MINISTRY OF CIVIL AVIATION,170.2,5029.8,5200.0,682.18,...,682.18,5882.18,2013-14,,
MINISTRY OF COAL,450,...,450.0,47.7,...,47.7,497.7,2013-14,,
MINISTRY OF COMMERCE  AND INDUSTRY,2411,1316,3727.0,3380.29,...,3380.29,7107.29,2013-14,,
MINISTRY OF COMMUNICATIONS AND INFORMATION  TECHNOLOGY,6486.91,3113.09,9600.0,12672.23,10,12682.23,22282.23,2013-14,,
"MINISTRY OF CONSUMER  AFFAIRS, FOOD AND PUBLIC DISTRIBUTION",438.72,61.28,500.0,91091.45,...,91091.45,91591.45,2013-14,,
MINISTRY OF CORPORATE  AFFAIRS,23.38,10.62,34.0,201.98,19.3,221.28,255.28,2013-14,,
MINISTRY OF CULTURE,1396,39,1435.0,627,...,627,2062.0,2013-14,,
MINISTRY OF DEFENCE,...,...,...,164766.8,88579.11,253345.91,253345.91,2013-14,,
MINISTRY OF DEVELOPMENT  OF NORTH EASTERN REGION,1827,179,2006.0,20.97,4,24.97,2030.97,2013-14,,
MINISTRY OF DRINKING WATER AND SANITATION,15260,...,15260.0,5.7,...,5.7,15265.7,2013-14,,
MINISTRY OF EARTH SCIENCES,1080,201,1281.0,408.89,0.11,409,1690.0,2013-14,,
MINISTRY OF ENVIRONMENT  AND FORESTS,2367.38,62.62,2430.0,193.75,6.45,200.2,2630.2,2013-14,,
MINISTRY OF EXTERNAL  AFFAIRS,1531.5,1468.5,3000.0,8419,300,8719,11719.0,2013-14,,
MINISTRY OF FINANCE,95523,27566,123089.0,484994.81,22122.05,507116.86,630205.86,2013-14,,
MINISTRY OF FOOD PROCESSING  INDUSTRIES,708,...,708.0,11.11,...,11.11,719.11,2013-14,,
MINISTRY OF HEALTH AND FAMILY WELFARE,29857.93,2887.07,32745.0,4585,...,4585,37330.0,2013-14,,
MINISTRY OF HEAVY INDUSTRIES  AND PUBLIC ENTERPRISES,427.44,167.56,595.0,53.36,400,453.36,1048.36,2013-14,,
MINISTRY OF HOME AFFAIRS,5319.4,6928.39,12247.79,44580.97,2412.87,46993.84,59241.63,2013-14,,
MINISTRY OF HOUSING AND URBAN POVERTY ALLEVIATION,1460,...,1460.0,8.02,...,8.02,1468.02,2013-14,,
MINISTRY OF HUMAN RESOURCE DEVELOPMENT,65857,...,65857.0,13594,...,13594,79451.0,2013-14,,
MINISTRY OF INFORMATION AND BROADCASTING,876.2,28.8,905.0,2130.65,...,2130.65,3035.65,2013-14,,
MINISTRY OF LABOUR AND EMPLOYMENT,2435.94,10.16,2446.1,2634.13,0.97,2635.1,5081.2,2013-14,,
MINISTRY OF LAW AND JUSTICE,1103,...,1103.0,899.36,11.02,910.38,2013.38,2013-14,,
"MINISTRY OF MICRO, SMALL AND MEDIUM ENTERPRISES",2899,78,2977.0,311.91,0.8,312.71,3289.71,2013-14,,
MINISTRY OF MINES,207.47,246.53,454.0,537.08,...,537.08,991.08,2013-14,,
MINISTRY OF MINORITY AFFAIRS,3391,120,3511.0,19.98,...,19.98,3530.98,2013-14,,
MINISTRY OF NEW AND RENEWABLE ENERGY,1419.5,99.5,1519.0,14.55,...,14.55,1533.55,2013-14,,
MINISTRY OF OVERSEAS INDIAN AFFAIRS,...,...,...,95.79,20,115.79,115.79,2013-14,,
MINISTRY OF PANCHAYATI RAJ,7000,...,7000.0,0.7,...,0.7,7000.7,2013-14,,
MINISTRY OF PARLIAMENTARY  AFFAIRS,...,...,...,13.28,...,13.28,13.28,2013-14,,
"MINISTRY OF PERSONNEL, PUBLIC GRIEVANCES AND PENSIONS",157,122,279.0,732.87,8.07,740.94,1019.94,2013-14,,
MINISTRY OF PETROLEUM AND NATURAL GAS,42,1,43.0,65145.41,...,65145.41,65188.41,2013-14,,
MINISTRY OF PLANNING,7100,900,8000.0,81.51,...,81.51,8081.51,2013-14,,
MINISTRY OF POWER,7337.95,2304.05,9642.0,431.07,...,431.07,10073.07,2013-14,,
"THE PRESIDENT, PARLIAMENT, UNION PUBLIC SERVICE COMMISSION",...,...,...,1033.53,...,1033.53,1033.53,2013-14,,
MINISTRY OF ROAD TRANSPORT  AND HIGHWAYS,10691.63,15168.28,25859.91,3278.31,2163.92,5442.23,31302.14,2013-14,,
MINISTRY OF RURAL DEVELOPMENT,80194,...,80194.0,56.5,...,56.5,80250.5,2013-14,,
MINISTRY OF SCIENCE AND TECHNOLOGY,6244.1,30.9,6275.0,1980.38,1.95,1982.33,8257.33,2013-14,,
MINISTRY OF SHIPPING,213.53,632.47,846.0,958.75,-92.08,866.67,1712.67,2013-14,,
MINISTRY OF SOCIAL JUSTICE AND EMPOWERMENT,6320,305,6625.0,100.32,...,100.32,6725.32,2013-14,,
DEPARTMENT OF SPACE,1875.69,3739.31,5615.0,1177,...,1177,6792.0,2013-14,,
MINISTRY OF STATISTICS AND PROGRAMME IMPLEMENTATION,4569.85,16.15,4586.0,365.68,...,365.68,4951.68,2013-14,,
MINISTRY OF STEEL,46,...,46.0,66.87,...,66.87,112.87,2013-14,,
MINISTRY OF TEXTILES,4623.35,7.65,4631.0,800.57,0.02,800.59,5431.59,2013-14,,
MINISTRY OF TOURISM,1280,2,1282.0,75.3,...,75.3,1357.3,2013-14,,
MINISTRY OF TRIBAL AFFAIRS,4209,70,4279.0,16.94,...,16.94,4295.94,2013-14,,
UNION TERRITORIES (WITHOUT LEGISLATURE),2508.07,1975.23,4483.3,4394.7,-141.48,4253.22,8736.52,2013-14,,
MINISTRY OF URBAN DEVELOPMENT,537.52,7029.38,7566.9,2295.3,501.55,2796.85,10363.75,2013-14,,
MINISTRY OF WATER RESOURCES,1302.55,197.45,1500.0,574.75,1.8,576.55,2076.55,2013-14,,
MINISTRY OF WOMEN AND CHILD DEVELOPMENT,20350,â€¦,20350.0,90,â€¦,90,20440.0,2013-14,,
MINISTRY OF YOUTH AFFAIRS AND SPORTS,1092.1,0.9,1093.0,126,â€¦,126,1219.0,2013-14,,
MINISTRY OF RAILWAYS,â€¦,26000,26000.0,â€¦,â€¦,â€¦,26000.0,2013-14,,
GRAND TOTAL,443260.43,112061.57,555322.0,99208.3,117067.02,1109975.32,1665297.32,2013-14,,
DEPARTMENT  OF ATOMIC ENERGY,1791,4109,5900.0,4069.31,942.69,5012,10912.0,2015-16,,
"MINISTRY OF AYURVEDA,  YOGA AND NATUROPATHY,  UNANI, SIDDHA AND HOMOEOPATHY  (AYUSH)",991,17,1008.0,206,...,206,1214.0,2015-16,,
MINISTRY OF CIVIL AVIATION,191.8,2528.2,2720.0,621.5,...,621.5,3341.5,2015-16,,
MINISTRY OF COAL,551,...,551.0,55,...,55,606.0,2015-16,,
MINISTRY OF COMMERCE  AND INDUSTRY,3585.54,104.11,3689.65,4018.05,...,4018.05,7707.7,2015-16,,
MINISTRY OF COMMUNICATIONS AND INFORMATION  TECHNOLOGY,5167.26,3069.3,8236.56,15001.74,5,15006.74,23243.3,2015-16,,
"MINISTRY OF CONSUMER  AFFAIRS, FOOD AND PUBLIC DISTRIBUTION",284.05,107.95,392.0,125081.77,...,125081.77,125473.77,2015-16,,
MINISTRY OF CORPORATE  AFFAIRS,22.9,1.1,24.0,219.88,28,247.88,271.88,2015-16,,
MINISTRY OF CULTURE,1377.5,77.5,1455.0,714,...,714,2169.0,2015-16,,
MINISTRY OF DEFENCE,50,400,450.0,211853.57,97776.03,309629.6,310079.6,2015-16,,
MINISTRY OF DEVELOPMENT  OF NORTH EASTERN REGION,2181.5,153,2334.5,24.24,4,28.24,2362.74,2015-16,,
MINISTRY OF DRINKING WATER AND SANITATION,6236,...,6236.0,7.87,...,7.87,6243.87,2015-16,,
MINISTRY OF EARTH SCIENCES,1054,125,1179.0,440.68,0.02,440.7,1619.7,2015-16,,
"MINISTRY OF ENVIRONMENT,  FORESTS  AND CLIMATE CHANGE",1404.58,42.02,1446.6,228.23,6.77,235,1681.6,2015-16,,
MINISTRY OF EXTERNAL  AFFAIRS,2095.4,3240.8,5336.2,9142.63,488,9630.63,14966.83,2015-16,,
MINISTRY OF FINANCE,31706.6,22567.5,54274.1,623434.76,2252.12,625686.88,679960.98,2015-16,,
MINISTRY OF FOOD PROCESSING  INDUSTRIES,487,...,487.0,18.51,...,18.51,505.51,2015-16,,
MINISTRY OF HEALTH AND FAMILY WELFARE,25741.82,917.35,26659.17,5409,...,5409,32068.17,2015-16,,
MINISTRY OF HEAVY INDUSTRIES  AND PUBLIC ENTERPRISES,213.88,465,678.88,80.85,884,964.85,1643.73,2015-16,,
MINISTRY OF HOME AFFAIRS,3139.09,6403.89,9542.98,55883.64,3017.48,58901.12,68444.1,2015-16,,
MINISTRY OF HOUSING AND URBAN POVERTY  ALLEVIATION,5625.3,...,5625.3,9.17,...,9.17,5634.47,2015-16,,
MINISTRY OF HUMAN RESOURCE DEVELOPMENT,54893.76,...,54893.76,14181,...,14181,69074.76,2015-16,,
MINISTRY OF INFORMATION  AND BROADCASTING,889.53,25,914.53,2796.58,...,2796.58,3711.11,2015-16,,
MINISTRY OF LABOUR  AND EMPLOYMENT,2116.51,36.51,2153.02,3198.71,9.64,3208.35,5361.37,2015-16,,
MINISTRY OF LAW AND JUSTICE,806.65,...,806.65,2845.25,106.75,2952,3758.65,2015-16,,
"MINISTRY OF MICRO, SMALL AND MEDIUM ENTERPRISES",2603.01,9.5,2612.51,394.11,0.8,394.91,3007.42,2015-16,,
MINISTRY OF MINES,515.8,54.78,570.58,585.13,...,585.13,1155.71,2015-16,,
MINISTRY OF MINORITY AFFAIRS,3592.78,120,3712.78,25.33,...,25.33,3738.11,2015-16,,
MINISTRY OF NEW AND RENEWABLE ENERGY,192.67,95,287.67,15.54,...,15.54,303.21,2015-16,,
MINISTRY OF OVERSEAS INDIAN AFFAIRS,20,...,20.0,86.17,12,98.17,118.17,2015-16,,
MINISTRY OF PANCHAYATI  RAJ,94,...,94.0,0.75,...,0.75,94.75,2015-16,,
MINISTRY OF PARLIAMENTARY  AFFAIRS,...,...,...,15.57,...,15.57,15.57,2015-16,,
"MINISTRY OF PERSONNEL, PUBLIC GRIEVANCES  AND PENSIONS",151.91,108.24,260.15,906.42,15.01,921.43,1181.58,2015-16,,
MINISTRY OF PETROLEUM  AND NATURAL GAS,49,1,50.0,30075.55,...,30075.55,30125.55,2015-16,,
MINISTRY OF PLANNING,1749.74,364.78,2114.52,97.11,...,97.11,2211.63,2015-16,,
MINISTRY OF POWER,5841.44,958.3,6799.74,-74.81,1,-73.81,6725.93,2015-16,,
"THE PRESIDENT,  PARLIAMENT,  UNION PUBLIC SERVICE COMMISSION",...,...,...,1186.04,...,1186.04,1186.04,2015-16,,
MINISTRY OF ROAD TRANSPORT  AND HIGHWAYS,9864,33048.65,42912.65,2839,...,2839,45751.65,2015-16,,
MINISTRY OF RURAL DEVELOPMENT,73269.77,...,73269.77,62.81,...,62.81,73332.58,2015-16,,
MINISTRY OF SCIENCE AND TECHNOLOGY,7265.96,23.34,7289.3,2201.06,1.48,2202.54,9491.84,2015-16,,
MINISTRY OF SHIPPING,558.41,374.38,932.79,585.3,-78.3,507,1439.79,2015-16,,
MINISTRY OF SKILL DEVELOPMENT  AND ENTREPRENEURSHIP,1500,...,1500.0,43.46,...,43.46,1543.46,2015-16,,
MINISTRY OF SOCIAL JUSTICE AND EMPOWERMENT,6535.16,497.24,7032.4,129.36,...,129.36,7161.76,2015-16,,
DEPARTMENT  OF SPACE,2535.29,3464.9,6000.19,1388,...,1388,7388.19,2015-16,,
MINISTRY OF STATISTICS AND PROGRAMME IMPLEMENTATION,4342.35,10.15,4352.5,474.37,...,474.37,4826.87,2015-16,,
MINISTRY OF STEEL,15,...,15.0,67.95,...,67.95,82.95,2015-16,,
MINISTRY OF TEXTILES,3438.32,85,3523.32,697.78,53.7,751.48,4274.8,2015-16,,
MINISTRY OF TOURISM,1478.15,5.05,1483.2,89.87,...,89.87,1573.07,2015-16,,
MINISTRY OF TRIBAL AFFAIRS,4722.19,70,4792.19,27.02,...,27.02,4819.21,2015-16,,
UNION TERRITORIES (WITHOUT LEGISLATURE),3154.37,1889.63,5044.0,4998,-15.75,4982.25,10026.25,2015-16,,
MINISTRY OF URBAN DEVELOPMENT,6651.18,9403,16054.18,2497.36,665.33,3162.69,19216.87,2015-16,,
"MINISTRY OF WATER RESOURCES, RIVER DEVELOPMENT AND GANGA REJUVENATION",3465,142,3607.0,629.71,-4.28,625.43,4232.43,2015-16,,
MINISTRY OF WOMEN AND CHILD DEVELOPMENT,10286.73,â€¦,10286.73,95.67,â€¦,95.67,10382.4,2015-16,,
MINISTRY OF YOUTH AFFAIRS AND SPORTS,1388.58,0.9,1389.48,151.65,â€¦,151.65,1541.13,2015-16,,
MINISTRY OF RAILWAYS,â€¦,40000,40000.0,â€¦,â€¦,â€¦,40000.0,2015-16,,
GRAND TOTAL,330019.72,135257.32,465277.04,1206026.68,106173.32,1312200,1777477.04,2015-16,,
