Ministry,Year,Revenue,Capital,Total
DEPARTMENT OF ATOMIC ENERGY,2000-01,1048.4,1702.17,2750.57
DEPARTMENT OF ATOMIC ENERGY,2001-02,799.97,1979.42,2779.39
DEPARTMENT OF ATOMIC ENERGY,2002-03,1283.66,2585.29,3868.95
DEPARTMENT OF ATOMIC ENERGY,2003-04,771.5,3619.59,3800.09
DEPARTMENT OF ATOMIC ENERGY,2004-05,899.86,4238.87,4469.97
DEPARTMENT OF ATOMIC ENERGY,2005-06,886.88,4758.06,4995.86
DEPARTMENT OF ATOMIC ENERGY,2006-07,1219.37,4285.71,5505.08
DEPARTMENT OF ATOMIC ENERGY,2007-08,1710.3,4419.7,6130
DEPARTMENT OF ATOMIC ENERGY,2009-10,4083.91,3689.09,7773
DEPARTMENT OF ATOMIC ENERGY,2010-11,4197.65,4323.35,8521
DEPARTMENT OF ATOMIC ENERGY,2011-12,4860.71,4491.75,9352.46
DEPARTMENT OF ATOMIC ENERGY,2012-13,4884.83,4347.17,9232
DEPARTMENT OF ATOMIC ENERGY,2013-14,5528.96,4304.36,9833.32
DEPARTMENT OF ATOMIC ENERGY,2014-15,5489.84,4956.75,10446.59
DEPARTMENT OF ATOMIC ENERGY,2015-16,5860.31,5051.69,10912
DEPARTMENT OF ATOMIC ENERGY,2016-17,5794.03,5888.45,11682.48
DEPARTMENT OF ATOMIC ENERGY,2017-18,7264.02,5197.18,12461.2
DEPARTMENT OF ATOMIC ENERGY,2018-19,7834.38,6137.03,13971.41
DEPARTMENT OF ATOMIC ENERGY,2019-20,8618.95,8106.56,16725.51
MINISTRY OF DISINVESTMENT,2000-01,4.15,0,4.15
MINISTRY OF DISINVESTMENT,2001-02,4.04,0,4.04
DEPARTMENT OF OCEAN DEVELOPMENT,2000-01,155.6,2.4,158
DEPARTMENT OF OCEAN DEVELOPMENT,2001-02,166.4,2.4,168.8
DEPARTMENT OF OCEAN DEVELOPMENT,2002-03,198.28,1,199.28
DEPARTMENT OF OCEAN DEVELOPMENT,2003-04,199.33,0,199.33
DEPARTMENT OF OCEAN DEVELOPMENT,2004-05,229.08,31.08,230.08
DEPARTMENT OF OCEAN DEVELOPMENT,2005-06,377,37,377
DEPARTMENT OF OCEAN DEVELOPMENT,2006-07,475.75,0,475.75
DEPARTMENT OF SPACE,2000-01,1666.11,353.11,2019.22
DEPARTMENT OF SPACE,2001-02,1608.46,421.54,2030
DEPARTMENT OF SPACE,2002-03,1951.62,312.25,2263.87
DEPARTMENT OF SPACE,2003-04,1888.44,798.5,2368.47
DEPARTMENT OF SPACE,2004-05,2167.3,895.28,2731.29
DEPARTMENT OF SPACE,2005-06,2540.16,955.84,3148
DEPARTMENT OF SPACE,2006-07,3092.3,517.7,3610
DEPARTMENT OF SPACE,2007-08,2277.5,1581.1,3858.6
DEPARTMENT OF SPACE,2009-10,2907.88,2051.12,4959
DEPARTMENT OF SPACE,2010-11,3100.76,2677.24,5778
DEPARTMENT OF SPACE,2011-12,0,0,0
DEPARTMENT OF SPACE,2012-13,8091.43,0,0
DEPARTMENT OF SPACE,2013-14,3052.69,3739.31,6792
DEPARTMENT OF SPACE,2014-15,8346.06,0,0
DEPARTMENT OF SPACE,2015-16,3923.29,3464.9,7388.19
DEPARTMENT OF SPACE,2016-17,0,4155.98,1509.14
DEPARTMENT OF SPACE,2017-18,4938.33,4155.38,9093.71
DEPARTMENT OF SPACE,2018-19,5496.18,5287.24,10783.42
DEPARTMENT OF SPACE,2019-20,5874.72,5663.54,11538.26
GRAND TOTAL,2000-01,0,57388.61,338486.66
GRAND TOTAL,2001-02,310566.28,64656.25,375222.53
GRAND TOTAL,2002-03,340482.79,69826.68,410309.47
GRAND TOTAL,2003-04,366226.73,361951.83,438795.07
GRAND TOTAL,2004-05,385493.35,92335.79,477829.04
GRAND TOTAL,2005-06,446512.1,67831.7,514343.8
GRAND TOTAL,2006-07,488192.35,75798.78,563991.13
GRAND TOTAL,2007-08,557899.52,122620.99,680520.51
GRAND TOTAL,2009-10,897231.95,123605.73,1020837.68
GRAND TOTAL,2010-11,958723.92,150025.32,1108749.24
GRAND TOTAL,2011-12,0,160566.59,1257728.83
GRAND TOTAL,2012-13,0,941538.4,104304.44
GRAND TOTAL,2013-14,542468.73,229128.59,1665297.32
GRAND TOTAL,2014-15,0,226780.53,1794891.96
GRAND TOTAL,2015-16,1536046.4,241430.64,1777477.04
GRAND TOTAL,2016-17,0,247023.62,1978060.45
GRAND TOTAL,2017-18,1836933.98,309800.8,2146734.78
GRAND TOTAL,2018-19,2141772,300441.3,2442213.3
GRAND TOTAL,2019-20,2447907.07,336292.48,2784199.55
MINISTRY OF AGRICULTURE AND FARMERS' WELFARE,2001-02,3509.95,383.5,3893.45
MINISTRY OF AGRICULTURE AND FARMERS' WELFARE,2002-03,3903.82,316.96,4220.78
MINISTRY OF AGRICULTURE AND FARMERS' WELFARE,2003-04,4151.11,1455.09,4434.31
MINISTRY OF AGRICULTURE AND FARMERS' WELFARE,2004-05,5058.59,1368.3,5303.73
MINISTRY OF AGRICULTURE AND FARMERS' WELFARE,2005-06,6964.37,1486.68,7242.52
MINISTRY OF AGRICULTURE AND FARMERS' WELFARE,2006-07,7934.15,264.87,8199.02
MINISTRY OF AGRICULTURE AND FARMERS' WELFARE,2007-08,9048.11,314.1,9362.21
MINISTRY OF AGRICULTURE AND FARMERS' WELFARE,2009-10,16251.8,111.1,16362.9
MINISTRY OF AGRICULTURE AND FARMERS' WELFARE,2010-11,20769.37,95.35,20864.72
MINISTRY OF AGRICULTURE AND FARMERS' WELFARE,2011-12,24087.78,88.94,24176.72
MINISTRY OF AGRICULTURE AND FARMERS' WELFARE,2012-13,27845.34,86.25,27931.59
MINISTRY OF AGRICULTURE AND FARMERS' WELFARE,2014-15,30993.57,69.37,31062.94
MINISTRY OF AGRICULTURE AND FARMERS' WELFARE,2016-17,44418.28,66.92,44485.2
MINISTRY OF AGRICULTURE AND FARMERS' WELFARE,2017-18,50903.05,122.95,51026
MINISTRY OF AGRICULTURE AND FARMERS' WELFARE,2018-19,57442.41,157.59,57600
MINISTRY OF AGRICULTURE AND FARMERS' WELFARE,2019-20,140685.25,78.72,140763.97
MINISTRY OF AGRO AND RURAL INDUSTRIES,2002-03,665.53,2.1,667.63
MINISTRY OF AGRO AND RURAL INDUSTRIES,2003-04,667.02,88.13,667.63
MINISTRY OF AGRO AND RURAL INDUSTRIES,2004-05,860.02,88.13,861.63
MINISTRY OF AGRO AND RURAL INDUSTRIES,2005-06,944.82,88.13,946.63
MINISTRY OF AGRO AND RURAL INDUSTRIES,2006-07,1052.82,1.81,1054.63
MINISTRY OF AGRO AND RURAL INDUSTRIES,2007-08,1194.32,5.31,1199.63
"MINISTRY OF AYURVEDA, YOGA AND NATUROPATHY, UNANI, SIDDHA AND HOMOEOPATHY (AYUSH)",2015-16,1197,17,1214
"MINISTRY OF AYURVEDA, YOGA AND NATUROPATHY, UNANI, SIDDHA AND HOMOEOPATHY (AYUSH)",2016-17,1323.2,3,1326.2
"MINISTRY OF AYURVEDA, YOGA AND NATUROPATHY, UNANI, SIDDHA AND HOMOEOPATHY (AYUSH)",2017-18,1425.35,3.3,1428.65
"MINISTRY OF AYURVEDA, YOGA AND NATUROPATHY, UNANI, SIDDHA AND HOMOEOPATHY (AYUSH)",2018-19,1602.67,23.7,1626.37
"MINISTRY OF AYURVEDA, YOGA AND NATUROPATHY, UNANI, SIDDHA AND HOMOEOPATHY (AYUSH)",2019-20,1739.55,0.21,1739.76
MINISTRY OF CHEMICALS AND FERTILISERS,2000-01,8729.7,394.38,9124.08
MINISTRY OF CHEMICALS AND FERTILISERS,2001-02,14261.77,433.19,14694.96
MINISTRY OF CHEMICALS AND FERTILISERS,2002-03,11307.96,597.29,11905.25
MINISTRY OF CHEMICALS AND FERTILISERS,2003-04,12812.83,13391.18,13451.9
MINISTRY OF CHEMICALS AND FERTILISERS,2004-05,12778.92,12869.03,12952.56
MINISTRY OF CHEMICALS AND FERTILISERS,2005-06,17028.64,17232.03,17312.07
MINISTRY OF CHEMICALS AND FERTILISERS,2006-07,17373.97,181.24,17555.21
MINISTRY OF CHEMICALS AND FERTILISERS,2007-08,22673.82,115.18,22789
MINISTRY OF CHEMICALS AND FERTILISERS,2009-10,50374.12,281.36,50655.48
MINISTRY OF CHEMICALS AND FERTILISERS,2010-11,50556.72,276.28,50833
MINISTRY OF CHEMICALS AND FERTILISERS,2011-12,51017.84,262.16,51280
MINISTRY OF CHEMICALS AND FERTILISERS,2012-13,62984.5,305.21,63289.71
MINISTRY OF CHEMICALS AND FERTILISERS,2013-14,67547.13,293.21,67840.34
MINISTRY OF CHEMICALS AND FERTILISERS,2014-15,73465.29,153.26,73618.55
MINISTRY OF CHEMICALS AND FERTILISERS,2016-17,70411.64,41.17,70452.81
MINISTRY OF CHEMICALS AND FERTILISERS,2017-18,70553.74,24.71,70578.45
MINISTRY OF CHEMICALS AND FERTILISERS,2018-19,70586.47,0.1,70586.57
MINISTRY OF CHEMICALS AND FERTILISERS,2019-20,75534.05,0.11,75534.16
MINISTRY OF CIVIL AVIATION,2000-01,176.75,45.25,222
MINISTRY OF CIVIL AVIATION,2001-02,219.33,58.6,277.93
MINISTRY OF CIVIL AVIATION,2002-03,234.32,64.71,299.03
MINISTRY OF CIVIL AVIATION,2003-04,242.23,283.57,289.34
MINISTRY OF CIVIL AVIATION,2004-05,242.05,282.15,287.1
MINISTRY OF CIVIL AVIATION,2005-06,268.5,627.65,633.5
MINISTRY OF CIVIL AVIATION,2006-07,372.69,75.91,448.6
MINISTRY OF CIVIL AVIATION,2007-08,475.56,142,617.56
MINISTRY OF CIVIL AVIATION,2009-10,731.05,155.95,887
MINISTRY OF CIVIL AVIATION,2010-11,1456.3,1428.7,2885
MINISTRY OF CIVIL AVIATION,2011-12,1000.88,1393,2393.88
MINISTRY OF CIVIL AVIATION,2012-13,1082.98,4155.82,5238.8
MINISTRY OF CIVIL AVIATION,2013-14,852.38,5029.8,5882.18
MINISTRY OF CIVIL AVIATION,2014-15,837.88,6540.1,7377.98
MINISTRY OF CIVIL AVIATION,2015-16,813.3,2528.2,3341.5
MINISTRY OF CIVIL AVIATION,2016-17,810.48,1780.2,2590.68
MINISTRY OF CIVIL AVIATION,2017-18,781.3,1920.7,2702
MINISTRY OF CIVIL AVIATION,2018-19,5881.86,721,6602.86
MINISTRY OF CIVIL AVIATION,2019-20,4474.99,25.01,4500
MINISTRY OF COAL AND MINES,2000-01,850.97,782.63,1633.6
MINISTRY OF COAL AND MINES,2001-02,856.76,516.2,1372.96
MINISTRY OF COAL AND MINES,2002-03,1026.03,44.31,1070.34
MINISTRY OF COAL AND MINES,2003-04,1051.15,577.73,1071.64
MINISTRY OF COAL AND MINES,2004-05,796.55,655.77,972.32
MINISTRY OF COAL AND MINES,2005-06,592.78,302.15,633.93
MINISTRY OF COAL AND MINES,2006-07,568.78,131.95,700.73
MINISTRY OF COAL AND MINES,2007-08,622.29,55.41,677.7
MINISTRY OF COAL AND MINES,2009-10,900.6,38.4,939
MINISTRY OF COAL AND MINES,2010-11,974.05,39.79,1013.84
MINISTRY OF COAL AND MINES,2011-12,468.72,388.79,468.72
MINISTRY OF COAL AND MINES,2012-13,892.77,536.02,964.79
MINISTRY OF COAL AND MINES,2013-14,1242.25,246.53,1488.78
MINISTRY OF COAL AND MINES,2014-15,600,1040.78,600
MINISTRY OF COAL AND MINES,2015-16,1706.93,54.78,1761.71
MINISTRY OF COAL AND MINES,2016-17,361,981.61,361
MINISTRY OF COAL AND MINES,2017-18,1799.75,158.84,1958.59
MINISTRY OF COAL AND MINES,2018-19,2270.21,170.22,2440.43
MINISTRY OF COAL AND MINES,2019-20,2212.42,107.57,2319.99
MINISTRY OF COMMERCE AND INDUSTRY,2000-01,1729.98,83.75,1813.73
MINISTRY OF COMMERCE AND INDUSTRY,2001-02,1617.24,100.62,1717.86
MINISTRY OF COMMERCE AND INDUSTRY,2002-03,1693.74,383,2076.74
MINISTRY OF COMMERCE AND INDUSTRY,2003-04,2053.13,1194.13,2206.13
MINISTRY OF COMMERCE AND INDUSTRY,2004-05,2392.78,1884.73,2937.88
MINISTRY OF COMMERCE AND INDUSTRY,2005-06,2448.27,1772.27,3060.27
MINISTRY OF COMMERCE AND INDUSTRY,2006-07,2425.61,656,3081.61
MINISTRY OF COMMERCE AND INDUSTRY,2007-08,2447.44,707,3154.44
MINISTRY OF COMMERCE AND INDUSTRY,2009-10,4170.78,667.22,4838
MINISTRY OF COMMERCE AND INDUSTRY,2010-11,4495.93,692.99,5188.92
MINISTRY OF COMMERCE AND INDUSTRY,2011-12,7061.6,938.98,8000.58
MINISTRY OF COMMERCE AND INDUSTRY,2012-13,5545.47,1044.78,6590.25
MINISTRY OF COMMERCE AND INDUSTRY,2013-14,5791.29,1316,7107.29
MINISTRY OF COMMERCE AND INDUSTRY,2014-15,7388.77,410.25,7799.02
MINISTRY OF COMMERCE AND INDUSTRY,2015-16,7603.59,104.11,7707.7
MINISTRY OF COMMERCE AND INDUSTRY,2016-17,7279.74,109.61,7389.35
MINISTRY OF COMMERCE AND INDUSTRY,2017-18,7913.8,160.9,8074.7
MINISTRY OF COMMERCE AND INDUSTRY,2018-19,10172.26,1219.67,11391.93
MINISTRY OF COMMERCE AND INDUSTRY,2019-20,10711.11,1182.72,11893.83
MINISTRY OF COMMUNICATIONS,2000-01,2057.96,76.54,2134.5
MINISTRY OF COMMUNICATIONS,2001-02,1701.73,96.37,1798.1
MINISTRY OF COMMUNICATIONS,2002-03,1853.05,163.71,2016.76
MINISTRY OF COMMUNICATIONS,2003-04,2130.06,1670.05,2299.13
MINISTRY OF COMMUNICATIONS,2009-10,15866.46,590.8,16457.26
MINISTRY OF COMMUNICATIONS,2010-11,12008.51,2175.5,14184.01
MINISTRY OF COMMUNICATIONS,2011-12,14826.58,1723.48,16550.06
MINISTRY OF COMMUNICATIONS,2012-13,17386.26,2295.9,19682.16
MINISTRY OF COMMUNICATIONS,2013-14,19159.14,3123.09,22282.23
MINISTRY OF COMMUNICATIONS,2014-15,21658.62,4511.3,26169.92
MINISTRY OF COMMUNICATIONS,2015-16,20169,3074.3,23243.3
MINISTRY OF COMMUNICATIONS,2016-17,27264.15,3504.07,30768.22
MINISTRY OF COMMUNICATIONS,2017-18,32356.47,3881,36237.47
MINISTRY OF COMMUNICATIONS,2018-19,33791.19,5760.27,39551.46
MINISTRY OF COMMUNICATIONS,2019-20,32695,5942.46,38637.46
MINISTRY OF COMPANY AFFAIRS,2004-05,54.5,57.5,57.5
MINISTRY OF COMPANY AFFAIRS,2005-06,113.37,116.27,116.27
MINISTRY OF COMPANY AFFAIRS,2006-07,135,10,145
MINISTRY OF COMPANY AFFAIRS,2007-08,146,55,201
"MINISTRY OF CONSUMER AFFAIRS, FOOD AND PUBLIC DISTRIBUTION",2000-01,8524.75,39.05,8563.8
"MINISTRY OF CONSUMER AFFAIRS, FOOD AND PUBLIC DISTRIBUTION",2001-02,13994.4,14020.12,14038.77
"MINISTRY OF CONSUMER AFFAIRS, FOOD AND PUBLIC DISTRIBUTION",2002-03,21472.7,48.48,21521.18
"MINISTRY OF CONSUMER AFFAIRS, FOOD AND PUBLIC DISTRIBUTION",2003-04,28052.54,28086.5,28097.22
"MINISTRY OF CONSUMER AFFAIRS, FOOD AND PUBLIC DISTRIBUTION",2004-05,26129.24,26173.75,26185.92
"MINISTRY OF CONSUMER AFFAIRS, FOOD AND PUBLIC DISTRIBUTION",2005-06,26653.82,26589.65,26723.44
"MINISTRY OF CONSUMER AFFAIRS, FOOD AND PUBLIC DISTRIBUTION",2006-07,24733.23,60.57,24793.8
"MINISTRY OF CONSUMER AFFAIRS, FOOD AND PUBLIC DISTRIBUTION",2007-08,26253.94,80.7,26334.64
"MINISTRY OF CONSUMER AFFAIRS, FOOD AND PUBLIC DISTRIBUTION",2009-10,53674.3,54.7,53729
"MINISTRY OF CONSUMER AFFAIRS, FOOD AND PUBLIC DISTRIBUTION",2010-11,56538.85,69.4,56608.25
"MINISTRY OF CONSUMER AFFAIRS, FOOD AND PUBLIC DISTRIBUTION",2011-12,62084.78,101.79,62186.57
"MINISTRY OF CONSUMER AFFAIRS, FOOD AND PUBLIC DISTRIBUTION",2012-13,76797.94,71.51,76869.45
"MINISTRY OF CONSUMER AFFAIRS, FOOD AND PUBLIC DISTRIBUTION",2013-14,91530.17,61.28,91591.45
"MINISTRY OF CONSUMER AFFAIRS, FOOD AND PUBLIC DISTRIBUTION",2014-15,115747.08,205.55,115952.63
"MINISTRY OF CONSUMER AFFAIRS, FOOD AND PUBLIC DISTRIBUTION",2015-16,125365.82,107.95,125473.77
"MINISTRY OF CONSUMER AFFAIRS, FOOD AND PUBLIC DISTRIBUTION",2016-17,141322.71,68.9,141391.61
"MINISTRY OF CONSUMER AFFAIRS, FOOD AND PUBLIC DISTRIBUTION",2017-18,154162.29,69.4,154231.69
"MINISTRY OF CONSUMER AFFAIRS, FOOD AND PUBLIC DISTRIBUTION",2018-19,175471.58,472.69,175944.27
"MINISTRY OF CONSUMER AFFAIRS, FOOD AND PUBLIC DISTRIBUTION",2019-20,193135.09,1377.62,194512.71
MINISTRY OF CORPORATE AFFAIRS,2009-10,189.62,40,229.62
MINISTRY OF CORPORATE AFFAIRS,2010-11,203.01,46,249.01
MINISTRY OF CORPORATE AFFAIRS,2011-12,199.94,39,238.94
MINISTRY OF CORPORATE AFFAIRS,2012-13,213.5,32,245.5
MINISTRY OF CORPORATE AFFAIRS,2013-14,225.36,29.92,255.28
MINISTRY OF CORPORATE AFFAIRS,2014-15,231.51,23.74,255.25
MINISTRY OF CORPORATE AFFAIRS,2015-16,242.78,29.1,271.88
MINISTRY OF CORPORATE AFFAIRS,2016-17,314.43,30,344.43
MINISTRY OF CORPORATE AFFAIRS,2017-18,418.54,29.5,448.04
MINISTRY OF CORPORATE AFFAIRS,2018-19,537.65,26.5,564.15
MINISTRY OF CORPORATE AFFAIRS,2019-20,502.63,51,553.63
MINISTRY OF YOUTH AFFAIRS AND SPORTS,2000-01,680.37,1.88,682.25
MINISTRY OF DEFENCE,2000-01,52983.84,17963.95,70947.79
MINISTRY OF DEFENCE,2001-02,53147.73,19996.95,73144.68
MINISTRY OF DEFENCE,2002-03,54863.76,21747.4,76611.16
MINISTRY OF DEFENCE,2003-04,55594.01,76932.59,76932.59
MINISTRY OF DEFENCE,2004-05,55217.68,89136.35,89136.35
MINISTRY OF DEFENCE,2005-06,62047.69,96952,96952
MINISTRY OF DEFENCE,2006-07,65983.67,38140.17,104123.84
MINISTRY OF DEFENCE,2007-08,69992.32,42703.51,112695.83
MINISTRY OF DEFENCE,2009-10,110365.17,56297.83,166663
MINISTRY OF DEFENCE,2010-11,114590.13,61181.72,175771.85
MINISTRY OF DEFENCE,2011-12,131691.49,70880.81,202572.3
MINISTRY OF DEFENCE,2012-13,156752.35,81453.18,238205.53
MINISTRY OF DEFENCE,2013-14,164766.8,88579.11,253345.91
MINISTRY OF DEFENCE,2014-15,188994.2,96208.67,285202.87
MINISTRY OF DEFENCE,2015-16,211903.57,98176.03,310079.6
MINISTRY OF DEFENCE,2016-17,250712.35,90209.63,340921.98
MINISTRY OF DEFENCE,2017-18,268274.42,91579.7,359854.12
MINISTRY OF DEFENCE,2018-19,304800.85,99563.86,404364.71
MINISTRY OF DEFENCE,2019-20,322761.99,108248.8,431010.79
MINISTRY OF DEVELOPMENT OF NORTH EASTERN REGION,2002-03,373.84,104.67,478.51
MINISTRY OF DEVELOPMENT OF NORTH EASTERN REGION,2003-04,919.98,165.08,1077.48
MINISTRY OF DEVELOPMENT OF NORTH EASTERN REGION,2004-05,1038.56,163.7,1194.7
MINISTRY OF DEVELOPMENT OF NORTH EASTERN REGION,2005-06,1040.17,67.48,1098.73
MINISTRY OF DEVELOPMENT OF NORTH EASTERN REGION,2006-07,1253.74,109.05,1362.79
MINISTRY OF DEVELOPMENT OF NORTH EASTERN REGION,2007-08,1238.7,154.37,1393.07
MINISTRY OF DEVELOPMENT OF NORTH EASTERN REGION,2009-10,1331.97,143.5,1475.47
MINISTRY OF DEVELOPMENT OF NORTH EASTERN REGION,2010-11,1618.33,141,1759.33
MINISTRY OF DEVELOPMENT OF NORTH EASTERN REGION,2011-12,1631.58,131,1762.58
MINISTRY OF DEVELOPMENT OF NORTH EASTERN REGION,2012-13,1750.33,179,1929.33
MINISTRY OF DEVELOPMENT OF NORTH EASTERN REGION,2013-14,1847.97,183,2030.97
MINISTRY OF DEVELOPMENT OF NORTH EASTERN REGION,2014-15,2151.78,181,2332.78
MINISTRY OF DEVELOPMENT OF NORTH EASTERN REGION,2015-16,2205.74,157,2362.74
MINISTRY OF DEVELOPMENT OF NORTH EASTERN REGION,2016-17,1951.01,479,2430.01
MINISTRY OF DEVELOPMENT OF NORTH EASTERN REGION,2017-18,2084.45,598,2682.45
MINISTRY OF DEVELOPMENT OF NORTH EASTERN REGION,2018-19,2326,674,3000
MINISTRY OF DEVELOPMENT OF NORTH EASTERN REGION,2019-20,2325.9,674.1,3000
MINISTRY OF DISINVESTMENT,2002-03,26.79,0,26.79
MINISTRY OF DISINVESTMENT,2003-04,28.37,28.37,28.37
MINISTRY OF DRINKING WATER AND SANITATION,2012-13,28000,0,0
MINISTRY OF DRINKING WATER AND SANITATION,2013-14,15265.7,0,15265.7
MINISTRY OF DRINKING WATER AND SANITATION,2014-15,15266.85,0,15266.85
MINISTRY OF DRINKING WATER AND SANITATION,2015-16,6243.87,0,6243.87
MINISTRY OF DRINKING WATER AND SANITATION,2016-17,0,14009.7,9.7
MINISTRY OF DRINKING WATER AND SANITATION,2017-18,20010.79,0,20010.79
MINISTRY OF DRINKING WATER AND SANITATION,2018-19,22356.6,0,22356.6
MINISTRY OF DRINKING WATER AND SANITATION,2019-20,18216.34,0,18216.34
MINISTRY OF EARTH SCIENCES,2007-08,613.49,273.51,887
MINISTRY OF EARTH SCIENCES,2009-10,919.62,290.38,1210
MINISTRY OF EARTH SCIENCES,2010-11,1017.71,284.29,1302
MINISTRY OF EARTH SCIENCES,2011-12,1282.8,284.2,1567
MINISTRY OF EARTH SCIENCES,2012-13,1460.16,207.84,1668
MINISTRY OF EARTH SCIENCES,2013-14,1488.89,201.11,1690
MINISTRY OF EARTH SCIENCES,2014-15,1511.94,187.06,1699
MINISTRY OF EARTH SCIENCES,2015-16,1494.68,125.02,1619.7
MINISTRY OF EARTH SCIENCES,2016-17,0,1497.45,472.45
MINISTRY OF EARTH SCIENCES,2017-18,1604.48,115,1719.48
MINISTRY OF EARTH SCIENCES,2018-19,1700,100,1800
MINISTRY OF EARTH SCIENCES,2019-20,1783.76,118,1901.76
MINISTRY OF ELECTRONICS AND INFORMATION TECHNOLOGY,2000-01,343.03,49.17,392.2
MINISTRY OF ELECTRONICS AND INFORMATION TECHNOLOGY,2001-02,346.6,132.8,452.2
MINISTRY OF ELECTRONICS AND INFORMATION TECHNOLOGY,2004-05,2561.77,2411.51,3299.01
MINISTRY OF ELECTRONICS AND INFORMATION TECHNOLOGY,2005-06,4985.59,4564.59,5597.05
MINISTRY OF ELECTRONICS AND INFORMATION TECHNOLOGY,2006-07,5469.69,587.97,6057.66
MINISTRY OF ELECTRONICS AND INFORMATION TECHNOLOGY,2007-08,6584.16,506.22,7090.38
MINISTRY OF ELECTRONICS AND INFORMATION TECHNOLOGY,2017-18,3690,349,4039
MINISTRY OF ELECTRONICS AND INFORMATION TECHNOLOGY,2018-19,5675,325,6000
MINISTRY OF ELECTRONICS AND INFORMATION TECHNOLOGY,2019-20,6072,348,6420
"MINISTRY OF ENVIRONMENT, FORESTS AND CLIMATE CHANGE",2000-01,949.05,15.95,965
"MINISTRY OF ENVIRONMENT, FORESTS AND CLIMATE CHANGE",2001-02,851.8,59.2,911
"MINISTRY OF ENVIRONMENT, FORESTS AND CLIMATE CHANGE",2002-03,1088.26,22.79,1111.05
"MINISTRY OF ENVIRONMENT, FORESTS AND CLIMATE CHANGE",2003-04,1099.14,140.04,1124.59
"MINISTRY OF ENVIRONMENT, FORESTS AND CLIMATE CHANGE",2004-05,1284.46,167.96,1301.21
"MINISTRY OF ENVIRONMENT, FORESTS AND CLIMATE CHANGE",2005-06,1377.27,164.2,1388.19
"MINISTRY OF ENVIRONMENT, FORESTS AND CLIMATE CHANGE",2006-07,1495.63,24.51,1520.14
"MINISTRY OF ENVIRONMENT, FORESTS AND CLIMATE CHANGE",2007-08,1517.95,21.05,1539
"MINISTRY OF ENVIRONMENT, FORESTS AND CLIMATE CHANGE",2009-10,2092.5,36.5,2129
"MINISTRY OF ENVIRONMENT, FORESTS AND CLIMATE CHANGE",2010-11,2305.74,45.42,2351.16
"MINISTRY OF ENVIRONMENT, FORESTS AND CLIMATE CHANGE",2011-12,2411.29,80.68,2491.97
"MINISTRY OF ENVIRONMENT, FORESTS AND CLIMATE CHANGE",2012-13,2559.28,70.13,2629.41
"MINISTRY OF ENVIRONMENT, FORESTS AND CLIMATE CHANGE",2013-14,2561.13,69.07,2630.2
"MINISTRY OF ENVIRONMENT, FORESTS AND CLIMATE CHANGE",2014-15,2149.89,106.11,2256
"MINISTRY OF ENVIRONMENT, FORESTS AND CLIMATE CHANGE",2015-16,1632.81,48.79,1681.6
"MINISTRY OF ENVIRONMENT, FORESTS AND CLIMATE CHANGE",2016-17,0,2195.09,250.34
"MINISTRY OF ENVIRONMENT, FORESTS AND CLIMATE CHANGE",2017-18,2635.39,40.03,2675.42
"MINISTRY OF ENVIRONMENT, FORESTS AND CLIMATE CHANGE",2018-19,2586.67,88.75,2675.42
"MINISTRY OF ENVIRONMENT, FORESTS AND CLIMATE CHANGE",2019-20,3111.2,64.52,3175.72
MINISTRY OF EXTERNAL AFFAIRS,2000-01,2220.7,405.02,2625.72
MINISTRY OF EXTERNAL AFFAIRS,2001-02,2535.73,347.66,2883.39
MINISTRY OF EXTERNAL AFFAIRS,2002-03,2820.14,418.2,3238.34
MINISTRY OF EXTERNAL AFFAIRS,2003-04,3038.99,3008,3410
MINISTRY OF EXTERNAL AFFAIRS,2004-05,3264.06,3185.69,3640.69
MINISTRY OF EXTERNAL AFFAIRS,2005-06,3574.58,3449,3928
MINISTRY OF EXTERNAL AFFAIRS,2006-07,3464.64,230.41,3695.05
MINISTRY OF EXTERNAL AFFAIRS,2007-08,3674.38,759.22,4433.6
MINISTRY OF EXTERNAL AFFAIRS,2009-10,5768,525,6293
MINISTRY OF EXTERNAL AFFAIRS,2010-11,5621.6,753.4,6375
MINISTRY OF EXTERNAL AFFAIRS,2011-12,6315,791,7106
MINISTRY OF EXTERNAL AFFAIRS,2012-13,7623.97,2038,9661.97
MINISTRY OF EXTERNAL AFFAIRS,2013-14,9950.5,1768.5,11719
MINISTRY OF EXTERNAL AFFAIRS,2014-15,11264.38,3466.01,14730.39
MINISTRY OF EXTERNAL AFFAIRS,2015-16,11238.03,3728.8,14966.83
MINISTRY OF EXTERNAL AFFAIRS,2016-17,0,11679.66,9942.66
MINISTRY OF EXTERNAL AFFAIRS,2017-18,12648.29,2150.26,14798.55
MINISTRY OF EXTERNAL AFFAIRS,2018-19,13374.5,1636.5,15011
MINISTRY OF EXTERNAL AFFAIRS,2019-20,14686.78,1375,16061.78
MINISTRY OF FINANCE,2000-01,0,20172.16,158765.45
MINISTRY OF FINANCE,2001-02,153584.04,163885.22,178593.62
MINISTRY OF FINANCE,2002-03,161818.67,25564.9,187383.57
MINISTRY OF FINANCE,2003-04,174287.49,178593.77,200996.1
MINISTRY OF FINANCE,2004-05,183365.95,186812.93,210507.73
MINISTRY OF FINANCE,2005-06,207048.75,2701.36,209750.11
MINISTRY OF FINANCE,2006-07,213974.22,8785.37,222759.59
MINISTRY OF FINANCE,2007-08,248366.64,45689.14,294055.78
MINISTRY OF FINANCE,2009-10,372265.65,17351.48,389617.13
MINISTRY OF FINANCE,2010-11,404290.75,27057.25,431348
MINISTRY OF FINANCE,2011-12,442757.1,22010.03,464767.13
MINISTRY OF FINANCE,2012-13,512213.86,42841.14,555055
MINISTRY OF FINANCE,2013-14,580517.81,49688.05,630205.86
MINISTRY OF FINANCE,2014-15,611307.08,29097.1,640404.18
MINISTRY OF FINANCE,2015-16,655141.36,24819.62,679960.98
MINISTRY OF FINANCE,2016-17,0,678443.72,663125.84
MINISTRY OF FINANCE,2017-18,699102.99,41066,740168.99
MINISTRY OF FINANCE,2018-19,874818.17,19888.65,894706.82
MINISTRY OF FINANCE,2019-20,998604.31,23121.06,1021725.37
MINISTRY OF FOOD PROCESSING INDUSTRIES,2002-03,81.01,0,81.01
MINISTRY OF FOOD PROCESSING INDUSTRIES,2003-04,80.84,5.84,80.84
MINISTRY OF FOOD PROCESSING INDUSTRIES,2004-05,115.68,5.68,115.68
MINISTRY OF FOOD PROCESSING INDUSTRIES,2005-06,186.55,6.55,186.55
MINISTRY OF FOOD PROCESSING INDUSTRIES,2006-07,173.7,0,173.7
MINISTRY OF FOOD PROCESSING INDUSTRIES,2007-08,228.3,30,258.3
MINISTRY OF FOOD PROCESSING INDUSTRIES,2009-10,310.5,40,350.5
MINISTRY OF FOOD PROCESSING INDUSTRIES,2010-11,307.21,102.51,409.72
MINISTRY OF FOOD PROCESSING INDUSTRIES,2011-12,514.58,95.51,610.09
MINISTRY OF FOOD PROCESSING INDUSTRIES,2012-13,670.54,0,670.54
MINISTRY OF FOOD PROCESSING INDUSTRIES,2013-14,719.11,0,719.11
MINISTRY OF FOOD PROCESSING INDUSTRIES,2014-15,785.86,0,785.86
MINISTRY OF FOOD PROCESSING INDUSTRIES,2015-16,505.51,0,505.51
MINISTRY OF FOOD PROCESSING INDUSTRIES,2016-17,0,636.02,36.02
MINISTRY OF FOOD PROCESSING INDUSTRIES,2017-18,800,0,800
MINISTRY OF FOOD PROCESSING INDUSTRIES,2018-19,1400,0,1400
MINISTRY OF FOOD PROCESSING INDUSTRIES,2019-20,1196.6,0,1196.6
MINISTRY OF HEALTH AND FAMILY WELFARE,2000-01,5859.49,-6.66,5852.83
MINISTRY OF HEALTH AND FAMILY WELFARE,2001-02,6504.31,1243.8,6752.09
MINISTRY OF HEALTH AND FAMILY WELFARE,2002-03,7574.32,7.51,7581.83
MINISTRY OF HEALTH AND FAMILY WELFARE,2003-04,7618.08,1040.78,7620.08
MINISTRY OF HEALTH AND FAMILY WELFARE,2004-05,8412.61,996.33,8438.12
MINISTRY OF HEALTH AND FAMILY WELFARE,2005-06,10660.11,1038.34,10687.11
MINISTRY OF HEALTH AND FAMILY WELFARE,2006-07,12916.09,77.68,12993.77
MINISTRY OF HEALTH AND FAMILY WELFARE,2007-08,15499.03,355.85,15854.88
MINISTRY OF HEALTH AND FAMILY WELFARE,2009-10,21024.71,1616.62,22641.33
MINISTRY OF HEALTH AND FAMILY WELFARE,2010-11,23930.49,1223.51,25154
MINISTRY OF HEALTH AND FAMILY WELFARE,2011-12,28441.92,2014.08,30456
MINISTRY OF HEALTH AND FAMILY WELFARE,2012-13,32164.89,2323.11,34488
MINISTRY OF HEALTH AND FAMILY WELFARE,2013-14,34442.93,2887.07,37330
MINISTRY OF HEALTH AND FAMILY WELFARE,2014-15,37170.23,2067.59,39237.82
MINISTRY OF HEALTH AND FAMILY WELFARE,2015-16,31150.82,917.35,32068.17
MINISTRY OF HEALTH AND FAMILY WELFARE,2016-17,0,36448.49,6156.35
MINISTRY OF HEALTH AND FAMILY WELFARE,2017-18,45343.7,3508.81,48852.51
MINISTRY OF HEALTH AND FAMILY WELFARE,2018-19,51879.6,2720.4,54600
MINISTRY OF HEALTH AND FAMILY WELFARE,2019-20,61547.22,1750.9,63298.12
MINISTRY OF HEAVY INDUSTRIES AND PUBLIC ENTERPRISES,2000-01,110.53,353.9,464.43
MINISTRY OF HEAVY INDUSTRIES AND PUBLIC ENTERPRISES,2001-02,177.32,590.5,669.71
MINISTRY OF HEAVY INDUSTRIES AND PUBLIC ENTERPRISES,2002-03,153.24,470.8,624.04
MINISTRY OF HEAVY INDUSTRIES AND PUBLIC ENTERPRISES,2003-04,145.51,571.01,613.26
MINISTRY OF HEAVY INDUSTRIES AND PUBLIC ENTERPRISES,2004-05,192.52,573.78,663.65
MINISTRY OF HEAVY INDUSTRIES AND PUBLIC ENTERPRISES,2005-06,333.95,618.55,894.25
MINISTRY OF HEAVY INDUSTRIES AND PUBLIC ENTERPRISES,2006-07,360.28,580.88,941.16
MINISTRY OF HEAVY INDUSTRIES AND PUBLIC ENTERPRISES,2007-08,292.15,628.58,920.73
MINISTRY OF HEAVY INDUSTRIES AND PUBLIC ENTERPRISES,2009-10,292.76,536.44,829.2
MINISTRY OF HEAVY INDUSTRIES AND PUBLIC ENTERPRISES,2010-11,390.73,506.7,897.43
MINISTRY OF HEAVY INDUSTRIES AND PUBLIC ENTERPRISES,2011-12,434.44,439.9,874.34
MINISTRY OF HEAVY INDUSTRIES AND PUBLIC ENTERPRISES,2012-13,575.09,456.51,1031.6
MINISTRY OF HEAVY INDUSTRIES AND PUBLIC ENTERPRISES,2013-14,480.8,567.56,1048.36
MINISTRY OF HEAVY INDUSTRIES AND PUBLIC ENTERPRISES,2014-15,691.38,571.06,1262.44
MINISTRY OF HEAVY INDUSTRIES AND PUBLIC ENTERPRISES,2015-16,294.73,1349,1643.73
MINISTRY OF HEAVY INDUSTRIES AND PUBLIC ENTERPRISES,2016-17,0,413.29,1010.42
MINISTRY OF HEAVY INDUSTRIES AND PUBLIC ENTERPRISES,2017-18,1004.37,1615.01,2619.38
MINISTRY OF HEAVY INDUSTRIES AND PUBLIC ENTERPRISES,2018-19,759.68,386.49,1146.17
MINISTRY OF HEAVY INDUSTRIES AND PUBLIC ENTERPRISES,2019-20,739.08,445.56,1184.64
MINISTRY OF HOME AFFAIRS,2000-01,9634.57,1325.09,10959.66
MINISTRY OF HOME AFFAIRS,2001-02,10493.89,11993.42,12443.28
MINISTRY OF HOME AFFAIRS,2002-03,11259.47,1777.1,13036.57
MINISTRY OF HOME AFFAIRS,2003-04,11293.53,12885.66,13182.06
MINISTRY OF HOME AFFAIRS,2004-05,13046.29,14707.58,15003.61
MINISTRY OF HOME AFFAIRS,2005-06,15597.56,17397.82,17853.87
MINISTRY OF HOME AFFAIRS,2006-07,17040.55,2173.23,19213.78
MINISTRY OF HOME AFFAIRS,2007-08,17883.99,4738.5,22622.49
MINISTRY OF HOME AFFAIRS,2009-10,32909.13,7870.52,40779.65
MINISTRY OF HOME AFFAIRS,2010-11,29918.17,7217.9,37136.07
MINISTRY OF HOME AFFAIRS,2011-12,40138.71,8781.43,48920.14
MINISTRY OF HOME AFFAIRS,2012-13,44699.42,9749.57,54448.99
MINISTRY OF HOME AFFAIRS,2013-14,49900.37,9341.26,59241.63
MINISTRY OF HOME AFFAIRS,2014-15,55514.11,10231.17,65745.28
MINISTRY OF HOME AFFAIRS,2015-16,59022.73,9421.37,68444.1
MINISTRY OF HOME AFFAIRS,2016-17,0,68039.71,67408.12
MINISTRY OF HOME AFFAIRS,2017-18,83945.43,13241.74,97187.17
MINISTRY OF HOME AFFAIRS,2018-19,94358.06,13214.73,107572.79
MINISTRY OF HOME AFFAIRS,2019-20,105934.82,13034.46,118969.28
MINISTRY OF HOUSING AND URBAN AFFAIRS,2000-01,1380.59,913.85,2294.44
MINISTRY OF HOUSING AND URBAN AFFAIRS,2001-02,1373.41,911.21,2284.62
MINISTRY OF HOUSING AND URBAN AFFAIRS,2002-03,1723.76,1053.4,2777.16
MINISTRY OF HOUSING AND URBAN AFFAIRS,2003-04,1614.78,2747.99,3481.79
MINISTRY OF HOUSING AND URBAN AFFAIRS,2004-05,1493.61,1928.58,2579.73
MINISTRY OF HOUSING AND URBAN AFFAIRS,2005-06,2674.25,1897.18,3692.08
MINISTRY OF HOUSING AND URBAN AFFAIRS,2006-07,2212.53,1425.4,3637.93
MINISTRY OF HOUSING AND URBAN AFFAIRS,2007-08,2265.78,2058.49,4324.27
MINISTRY OF HOUSING AND URBAN AFFAIRS,2009-10,3072.45,3031.3,6103.75
MINISTRY OF HOUSING AND URBAN AFFAIRS,2010-11,3319.47,5176.93,8496.4
MINISTRY OF HOUSING AND URBAN AFFAIRS,2011-12,1107.6,0,1107.6
MINISTRY OF HOUSING AND URBAN AFFAIRS,2012-13,2310,7603.55,491.01
MINISTRY OF HOUSING AND URBAN AFFAIRS,2013-14,4300.84,7530.93,11831.77
MINISTRY OF HOUSING AND URBAN AFFAIRS,2014-15,0,21767.18,20009.46
MINISTRY OF HOUSING AND URBAN AFFAIRS,2015-16,14783.01,10068.33,24851.34
MINISTRY OF HOUSING AND URBAN AFFAIRS,2016-17,0,18432.03,3434
MINISTRY OF HOUSING AND URBAN AFFAIRS,2017-18,21285.48,19332.36,40617.84
MINISTRY OF HOUSING AND URBAN AFFAIRS,2018-19,25349.73,16415.4,41765.13
MINISTRY OF HOUSING AND URBAN AFFAIRS,2019-20,28487.84,19544.33,48032.17
MINISTRY OF HUMAN RESOURCE DEVELOPMENT,2000-01,9896.76,0.22,9896.98
MINISTRY OF HUMAN RESOURCE DEVELOPMENT,2001-02,10128.01,2559.85,10128.43
MINISTRY OF HUMAN RESOURCE DEVELOPMENT,2002-03,12045.34,0.01,12045.35
MINISTRY OF HUMAN RESOURCE DEVELOPMENT,2003-04,12515.08,2890.95,12515.09
MINISTRY OF HUMAN RESOURCE DEVELOPMENT,2004-05,13516.25,2892.12,13516.26
MINISTRY OF HUMAN RESOURCE DEVELOPMENT,2005-06,22268.13,3150.6,22268.14
MINISTRY OF HUMAN RESOURCE DEVELOPMENT,2006-07,28967.92,0.01,28967.93
MINISTRY OF HUMAN RESOURCE DEVELOPMENT,2007-08,32350.72,1,32351.72
MINISTRY OF HUMAN RESOURCE DEVELOPMENT,2009-10,43778.21,750,44528.21
MINISTRY OF HUMAN RESOURCE DEVELOPMENT,2010-11,49904,0,49904
MINISTRY OF HUMAN RESOURCE DEVELOPMENT,2011-12,0,104114,0
MINISTRY OF HUMAN RESOURCE DEVELOPMENT,2012-13,122814,12649,12649
MINISTRY OF HUMAN RESOURCE DEVELOPMENT,2013-14,79451,0,79451
MINISTRY OF HUMAN RESOURCE DEVELOPMENT,2014-15,0,137456,0
MINISTRY OF HUMAN RESOURCE DEVELOPMENT,2015-16,69074.76,0,69074.76
MINISTRY OF HUMAN RESOURCE DEVELOPMENT,2016-17,0,72394,15894
MINISTRY OF HUMAN RESOURCE DEVELOPMENT,2017-18,79435.95,250,79685.95
MINISTRY OF HUMAN RESOURCE DEVELOPMENT,2018-19,82258.29,2752,85010.29
MINISTRY OF HUMAN RESOURCE DEVELOPMENT,2019-20,91727.64,2120,93847.64
MINISTRY OF INFORMATION AND BROADCASTING,2001-02,1290.19,1313.81,1472
MINISTRY OF INFORMATION AND BROADCASTING,2002-03,1234.48,299.02,1533.5
MINISTRY OF INFORMATION AND BROADCASTING,2003-04,1289.53,1337.71,1521.12
MINISTRY OF INFORMATION AND BROADCASTING,2004-05,1263.31,1285.03,1514.17
MINISTRY OF INFORMATION AND BROADCASTING,2005-06,1329.03,1348.97,1603
MINISTRY OF INFORMATION AND BROADCASTING,2006-07,1558.53,157.47,1716
MINISTRY OF INFORMATION AND BROADCASTING,2007-08,1391.72,290.12,1681.84
MINISTRY OF INFORMATION AND BROADCASTING,2009-10,2119.99,448.01,2568
MINISTRY OF INFORMATION AND BROADCASTING,2010-11,2269.64,334.54,2604.18
MINISTRY OF INFORMATION AND BROADCASTING,2011-12,0,1134.46,0
MINISTRY OF INFORMATION AND BROADCASTING,2012-13,1266,2376.32,1832.32
MINISTRY OF INFORMATION AND BROADCASTING,2013-14,3006.85,28.8,3035.65
MINISTRY OF INFORMATION AND BROADCASTING,2014-15,0,1981.15,0
MINISTRY OF INFORMATION AND BROADCASTING,2015-16,3686.11,25,3711.11
MINISTRY OF INFORMATION AND BROADCASTING,2016-17,0,1552.43,0
MINISTRY OF INFORMATION AND BROADCASTING,2017-18,4379.9,29.1,4409
MINISTRY OF INFORMATION AND BROADCASTING,2018-19,4065.58,23.4,4088.98
MINISTRY OF INFORMATION AND BROADCASTING,2019-20,4361.67,13.54,4375.21
MINISTRY OF LABOUR AND EMPLOYMENT,2000-01,903.01,0,903.01
MINISTRY OF LABOUR AND EMPLOYMENT,2001-02,1019.82,6.06,1025.88
MINISTRY OF LABOUR AND EMPLOYMENT,2002-03,867.39,14.23,881.62
MINISTRY OF LABOUR AND EMPLOYMENT,2003-04,856.39,0,856.39
MINISTRY OF LABOUR AND EMPLOYMENT,2004-05,923.54,756.57,923.54
MINISTRY OF LABOUR AND EMPLOYMENT,2005-06,1192.09,972.61,1192.09
MINISTRY OF LABOUR AND EMPLOYMENT,2006-07,1481.36,0,1481.36
MINISTRY OF LABOUR AND EMPLOYMENT,2007-08,1628.44,5.04,1633.48
MINISTRY OF LABOUR AND EMPLOYMENT,2009-10,2434.09,8.88,2442.97
MINISTRY OF LABOUR AND EMPLOYMENT,2010-11,2838.59,9.74,2848.33
MINISTRY OF LABOUR AND EMPLOYMENT,2011-12,0,2492.57,0.96
MINISTRY OF LABOUR AND EMPLOYMENT,2012-13,4801.66,1934.93,1929.8
MINISTRY OF LABOUR AND EMPLOYMENT,2013-14,5070.07,11.13,5081.2
MINISTRY OF LABOUR AND EMPLOYMENT,2014-15,0,4886.92,0.97
MINISTRY OF LABOUR AND EMPLOYMENT,2015-16,5315.22,46.15,5361.37
MINISTRY OF LABOUR AND EMPLOYMENT,2016-17,0,3088,9.01
MINISTRY OF LABOUR AND EMPLOYMENT,2017-18,7165.53,22.85,7188.38
MINISTRY OF LABOUR AND EMPLOYMENT,2018-19,7677.75,22.25,7700
MINISTRY OF LABOUR AND EMPLOYMENT,2019-20,10403.83,30.26,10434.09
MINISTRY OF LAW AND JUSTICE,2000-01,514.19,2.9,517.09
MINISTRY OF LAW AND JUSTICE,2001-02,515.57,5.8,521.37
MINISTRY OF LAW AND JUSTICE,2002-03,566.13,4.55,570.68
MINISTRY OF LAW AND JUSTICE,2003-04,634.22,0.55,634.77
MINISTRY OF LAW AND JUSTICE,2004-05,1407.88,1268.9,1408.9
MINISTRY OF LAW AND JUSTICE,2005-06,544.11,325.13,545.13
MINISTRY OF LAW AND JUSTICE,2006-07,928.69,0.03,928.72
MINISTRY OF LAW AND JUSTICE,2007-08,884.73,0.03,884.76
MINISTRY OF LAW AND JUSTICE,2009-10,1746.13,40.89,1787.02
MINISTRY OF LAW AND JUSTICE,2010-11,776.63,15.02,791.65
MINISTRY OF LAW AND JUSTICE,2011-12,0,2000,15.02
MINISTRY OF LAW AND JUSTICE,2012-13,2100,649.52,669.54
MINISTRY OF LAW AND JUSTICE,2013-14,2002.36,11.02,2013.38
MINISTRY OF LAW AND JUSTICE,2014-15,0,2206,55.37
MINISTRY OF LAW AND JUSTICE,2015-16,3651.9,106.75,3758.65
MINISTRY OF LAW AND JUSTICE,2016-17,0,1800,128.01
MINISTRY OF LAW AND JUSTICE,2017-18,3432.39,1104.27,4536.66
MINISTRY OF LAW AND JUSTICE,2018-19,3086.05,1819.3,4905.35
MINISTRY OF LAW AND JUSTICE,2019-20,3451.25,160,3611.25
"MINISTRY OF MICRO, SMALL AND MEDIUM ENTERPRISES",2002-03,397.11,0,397.11
"MINISTRY OF MICRO, SMALL AND MEDIUM ENTERPRISES",2003-04,377.56,71.07,397.56
"MINISTRY OF MICRO, SMALL AND MEDIUM ENTERPRISES",2004-05,399.4,67.15,414.4
"MINISTRY OF MICRO, SMALL AND MEDIUM ENTERPRISES",2005-06,442.1,69.59,460.3
"MINISTRY OF MICRO, SMALL AND MEDIUM ENTERPRISES",2006-07,505.24,19,524.24
"MINISTRY OF MICRO, SMALL AND MEDIUM ENTERPRISES",2007-08,585.41,0,585.41
"MINISTRY OF MICRO, SMALL AND MEDIUM ENTERPRISES",2009-10,2023.02,10.43,2033.45
"MINISTRY OF MICRO, SMALL AND MEDIUM ENTERPRISES",2010-11,2636.4,12.3,2648.7
"MINISTRY OF MICRO, SMALL AND MEDIUM ENTERPRISES",2011-12,0,5234,0.8
"MINISTRY OF MICRO, SMALL AND MEDIUM ENTERPRISES",2012-13,5587,402.86,320.66
"MINISTRY OF MICRO, SMALL AND MEDIUM ENTERPRISES",2013-14,3210.91,78.8,3289.71
"MINISTRY OF MICRO, SMALL AND MEDIUM ENTERPRISES",2014-15,0,6646,0.8
"MINISTRY OF MICRO, SMALL AND MEDIUM ENTERPRISES",2015-16,2997.12,10.3,3007.42
"MINISTRY OF MICRO, SMALL AND MEDIUM ENTERPRISES",2016-17,0,5990,0.55
"MINISTRY OF MICRO, SMALL AND MEDIUM ENTERPRISES",2017-18,6471.36,10.6,6481.96
"MINISTRY OF MICRO, SMALL AND MEDIUM ENTERPRISES",2018-19,6540.04,12.57,6552.61
"MINISTRY OF MICRO, SMALL AND MEDIUM ENTERPRISES",2019-20,6984.27,27.02,7011.29
MINISTRY OF MINORITY AFFAIRS,2006-07,2,0,2
MINISTRY OF MINORITY AFFAIRS,2007-08,442.83,70,512.83
MINISTRY OF MINORITY AFFAIRS,2009-10,1631.5,125,1756.5
MINISTRY OF MINORITY AFFAIRS,2010-11,2500.37,115,2615.37
MINISTRY OF MINORITY AFFAIRS,2011-12,0,5585,0
MINISTRY OF MINORITY AFFAIRS,2012-13,6170,119.7,19.7
MINISTRY OF MINORITY AFFAIRS,2013-14,3410.98,120,3530.98
MINISTRY OF MINORITY AFFAIRS,2014-15,0,7302,0
MINISTRY OF MINORITY AFFAIRS,2015-16,3618.11,120,3738.11
MINISTRY OF MINORITY AFFAIRS,2016-17,0,7460,0
MINISTRY OF MINORITY AFFAIRS,2017-18,4025.48,170,4195.48
MINISTRY OF MINORITY AFFAIRS,2018-19,4534.96,165.04,4700
MINISTRY OF MINORITY AFFAIRS,2019-20,4639.99,60.01,4700
MINISTRY OF NEW AND RENEWABLE ENERGY,2000-01,330.75,113.55,444.3
MINISTRY OF NEW AND RENEWABLE ENERGY,2001-02,420.12,167.45,587.57
MINISTRY OF NEW AND RENEWABLE ENERGY,2002-03,499.47,130.05,629.52
MINISTRY OF NEW AND RENEWABLE ENERGY,2003-04,505.11,130.39,630.15
MINISTRY OF NEW AND RENEWABLE ENERGY,2004-05,509.23,101.51,605.27
MINISTRY OF NEW AND RENEWABLE ENERGY,2005-06,535.33,75.68,605.38
MINISTRY OF NEW AND RENEWABLE ENERGY,2006-07,538.39,65.25,603.64
MINISTRY OF NEW AND RENEWABLE ENERGY,2007-08,568.65,64.25,632.9
MINISTRY OF NEW AND RENEWABLE ENERGY,2009-10,608.2,19.8,628
MINISTRY OF NEW AND RENEWABLE ENERGY,2010-11,955.2,53.3,1008.5
MINISTRY OF NEW AND RENEWABLE ENERGY,2011-12,0,2330.5,0
MINISTRY OF NEW AND RENEWABLE ENERGY,2012-13,2674,106.79,14.79
MINISTRY OF NEW AND RENEWABLE ENERGY,2013-14,1434.05,99.5,1533.55
MINISTRY OF NEW AND RENEWABLE ENERGY,2014-15,0,1787,0
MINISTRY OF NEW AND RENEWABLE ENERGY,2015-16,208.21,95,303.21
MINISTRY OF NEW AND RENEWABLE ENERGY,2016-17,0,10000,0
MINISTRY OF NEW AND RENEWABLE ENERGY,2017-18,5432.84,40,5472.84
MINISTRY OF NEW AND RENEWABLE ENERGY,2018-19,5106.23,40.4,5146.63
MINISTRY OF NEW AND RENEWABLE ENERGY,2019-20,5209.83,45,5254.83
MINISTRY OF OVERSEAS INDIAN AFFAIRS,2004-05,6,7,7
MINISTRY OF OVERSEAS INDIAN AFFAIRS,2005-06,32,35,35
MINISTRY OF OVERSEAS INDIAN AFFAIRS,2006-07,35.5,2.5,38
MINISTRY OF OVERSEAS INDIAN AFFAIRS,2007-08,40,10,50
MINISTRY OF OVERSEAS INDIAN AFFAIRS,2009-10,59,21,80
MINISTRY OF OVERSEAS INDIAN AFFAIRS,2010-11,71.8,9.2,81
MINISTRY OF OVERSEAS INDIAN AFFAIRS,2011-12,0,0,9.2
MINISTRY OF OVERSEAS INDIAN AFFAIRS,2012-13,0,94.77,114.77
MINISTRY OF OVERSEAS INDIAN AFFAIRS,2013-14,95.79,20,115.79
MINISTRY OF OVERSEAS INDIAN AFFAIRS,2014-15,0,40,15
MINISTRY OF OVERSEAS INDIAN AFFAIRS,2015-16,106.17,12,118.17
MINISTRY OF PANCHAYATI RAJ,2004-05,31.04,0.44,31.04
MINISTRY OF PANCHAYATI RAJ,2005-06,50.44,0.44,50.44
MINISTRY OF PANCHAYATI RAJ,2006-07,3825.73,0,3825.73
MINISTRY OF PANCHAYATI RAJ,2007-08,4770.5,0,4770.5
MINISTRY OF PANCHAYATI RAJ,2009-10,4780.71,0,4780.71
MINISTRY OF PANCHAYATI RAJ,2010-11,5170.71,0,5170.71
MINISTRY OF PANCHAYATI RAJ,2011-12,0,10500,0
MINISTRY OF PANCHAYATI RAJ,2012-13,10700,0.74,0.74
MINISTRY OF PANCHAYATI RAJ,2013-14,7000.7,0,7000.7
MINISTRY OF PANCHAYATI RAJ,2014-15,0,14000,0
MINISTRY OF PANCHAYATI RAJ,2015-16,94.75,0,94.75
MINISTRY OF PANCHAYATI RAJ,2016-17,0,1500,0
MINISTRY OF PANCHAYATI RAJ,2017-18,790.79,0,790.79
MINISTRY OF PANCHAYATI RAJ,2018-19,825.17,0,825.17
MINISTRY OF PANCHAYATI RAJ,2019-20,871.37,0,871.37
MINISTRY OF PARLIAMENTARY AFFAIRS,2000-01,4.82,0,4.82
MINISTRY OF PARLIAMENTARY AFFAIRS,2001-02,4.64,0,4.64
MINISTRY OF PARLIAMENTARY AFFAIRS,2002-03,4.21,0,4.21
MINISTRY OF PARLIAMENTARY AFFAIRS,2003-04,4.04,0,4.04
MINISTRY OF PARLIAMENTARY AFFAIRS,2004-05,5.89,5.89,5.89
MINISTRY OF PARLIAMENTARY AFFAIRS,2005-06,5.9,5.9,5.9
MINISTRY OF PARLIAMENTARY AFFAIRS,2006-07,6,0,6
MINISTRY OF PARLIAMENTARY AFFAIRS,2007-08,6.1,0,6.1
MINISTRY OF PARLIAMENTARY AFFAIRS,2009-10,8.33,0,8.33
MINISTRY OF PARLIAMENTARY AFFAIRS,2010-11,7.47,0,7.47
MINISTRY OF PARLIAMENTARY AFFAIRS,2011-12,0,0,0
MINISTRY OF PARLIAMENTARY AFFAIRS,2012-13,0,11.72,11.72
MINISTRY OF PARLIAMENTARY AFFAIRS,2013-14,13.28,0,13.28
MINISTRY OF PARLIAMENTARY AFFAIRS,2014-15,0,0,0
MINISTRY OF PARLIAMENTARY AFFAIRS,2015-16,15.57,0,15.57
MINISTRY OF PARLIAMENTARY AFFAIRS,2016-17,0,0,0
MINISTRY OF PARLIAMENTARY AFFAIRS,2017-18,17.88,0,17.88
MINISTRY OF PARLIAMENTARY AFFAIRS,2018-19,18.86,0,18.86
MINISTRY OF PARLIAMENTARY AFFAIRS,2019-20,19.38,0,19.38
"MINISTRY OF PERSONNEL, PUBLIC GRIEVANCES AND PENSIONS",2000-01,187.43,11.9,199.33
"MINISTRY OF PERSONNEL, PUBLIC GRIEVANCES AND PENSIONS",2001-02,213.02,11.59,224.61
"MINISTRY OF PERSONNEL, PUBLIC GRIEVANCES AND PENSIONS",2002-03,205.59,8.1,213.69
"MINISTRY OF PERSONNEL, PUBLIC GRIEVANCES AND PENSIONS",2003-04,116.01,91.01,125.01
"MINISTRY OF PERSONNEL, PUBLIC GRIEVANCES AND PENSIONS",2004-05,251.8,225.86,267.95
"MINISTRY OF PERSONNEL, PUBLIC GRIEVANCES AND PENSIONS",2005-06,273.84,250.09,304
"MINISTRY OF PERSONNEL, PUBLIC GRIEVANCES AND PENSIONS",2006-07,308.27,37.03,345.3
"MINISTRY OF PERSONNEL, PUBLIC GRIEVANCES AND PENSIONS",2007-08,328.49,37.51,366
"MINISTRY OF PERSONNEL, PUBLIC GRIEVANCES AND PENSIONS",2009-10,519.65,155.85,675.5
"MINISTRY OF PERSONNEL, PUBLIC GRIEVANCES AND PENSIONS",2010-11,575.85,130.51,706.36
"MINISTRY OF PERSONNEL, PUBLIC GRIEVANCES AND PENSIONS",2011-12,0,450.87,5.49
"MINISTRY OF PERSONNEL, PUBLIC GRIEVANCES AND PENSIONS",2012-13,448.4,717.2,615.67
"MINISTRY OF PERSONNEL, PUBLIC GRIEVANCES AND PENSIONS",2013-14,889.87,130.07,1019.94
"MINISTRY OF PERSONNEL, PUBLIC GRIEVANCES AND PENSIONS",2014-15,0,438.15,6.07
"MINISTRY OF PERSONNEL, PUBLIC GRIEVANCES AND PENSIONS",2015-16,1058.33,123.25,1181.58
"MINISTRY OF PERSONNEL, PUBLIC GRIEVANCES AND PENSIONS",2016-17,0,414.65,34.28
"MINISTRY OF PERSONNEL, PUBLIC GRIEVANCES AND PENSIONS",2017-18,1298.77,151.91,1450.68
"MINISTRY OF PERSONNEL, PUBLIC GRIEVANCES AND PENSIONS",2018-19,1475.58,84.03,1559.61
"MINISTRY OF PERSONNEL, PUBLIC GRIEVANCES AND PENSIONS",2019-20,1523.75,141.39,1665.14
MINISTRY OF PETROLEUM AND NATURAL GAS,2000-01,7.54,0,7.54
MINISTRY OF PETROLEUM AND NATURAL GAS,2001-02,7.21,0,7.21
MINISTRY OF PETROLEUM AND NATURAL GAS,2002-03,6509.43,0,6509.43
MINISTRY OF PETROLEUM AND NATURAL GAS,2003-04,8128.28,8128.28,8128.28
MINISTRY OF PETROLEUM AND NATURAL GAS,2004-05,3573.42,3573.42,3573.42
MINISTRY OF PETROLEUM AND NATURAL GAS,2005-06,3669,3669,3669
MINISTRY OF PETROLEUM AND NATURAL GAS,2006-07,3106.62,0,3106.62
MINISTRY OF PETROLEUM AND NATURAL GAS,2007-08,2867.81,0,2867.81
MINISTRY OF PETROLEUM AND NATURAL GAS,2009-10,3169,0,3169
MINISTRY OF PETROLEUM AND NATURAL GAS,2010-11,3179,0,3179
MINISTRY OF PETROLEUM AND NATURAL GAS,2011-12,0,80,0
MINISTRY OF PETROLEUM AND NATURAL GAS,2012-13,85,43717.85,43716.85
MINISTRY OF PETROLEUM AND NATURAL GAS,2013-14,65187.41,1,65188.41
MINISTRY OF PETROLEUM AND NATURAL GAS,2014-15,0,85,0
MINISTRY OF PETROLEUM AND NATURAL GAS,2015-16,30124.55,1,30125.55
MINISTRY OF PETROLEUM AND NATURAL GAS,2016-17,0,4098,0
MINISTRY OF PETROLEUM AND NATURAL GAS,2017-18,25310.37,3847.2,29157.57
MINISTRY OF PETROLEUM AND NATURAL GAS,2018-19,27391.55,3709,31100.55
MINISTRY OF PETROLEUM AND NATURAL GAS,2019-20,41234.18,1667.31,42901.49
MINISTRY OF PLANNING,2000-01,41.06,8.94,50
MINISTRY OF PLANNING,2001-02,91.52,15,106.52
MINISTRY OF PLANNING,2002-03,46.14,7.5,53.64
MINISTRY OF PLANNING,2003-04,78.77,0,78.77
MINISTRY OF PLANNING,2004-05,6446.88,3714.88,10130.88
MINISTRY OF PLANNING,2005-06,106.8,31.8,106.8
MINISTRY OF PLANNING,2006-07,123.83,0,123.83
MINISTRY OF PLANNING,2007-08,121.82,7.5,129.32
MINISTRY OF PLANNING,2009-10,474.79,44.21,519
MINISTRY OF PLANNING,2010-11,1866.21,193.11,2059.32
MINISTRY OF PLANNING,2011-12,0,2468.39,0
MINISTRY OF PLANNING,2012-13,3684.2,592.83,77.03
MINISTRY OF PLANNING,2013-14,7181.51,900,8081.51
MINISTRY OF PLANNING,2014-15,0,4251.5,0
MINISTRY OF PLANNING,2015-16,1846.85,364.78,2211.63
MINISTRY OF PLANNING,2016-17,0,399.5,0
MINISTRY OF PLANNING,2017-18,252.09,0.43,252.52
MINISTRY OF PLANNING,2018-19,338.97,0.68,339.65
MINISTRY OF PLANNING,2019-20,362.71,0.69,363.4
MINISTRY OF POWER,2000-01,517.44,2179.27,2696.71
MINISTRY OF POWER,2001-02,571.71,2770.09,3341.8
MINISTRY OF POWER,2002-03,781.49,2572.11,3353.6
MINISTRY OF POWER,2003-04,733.76,2823.08,3556.84
MINISTRY OF POWER,2004-05,1024.87,2700.07,3662.47
MINISTRY OF POWER,2005-06,409.72,2713.68,3061.7
MINISTRY OF POWER,2006-07,3769.26,1797.74,5567
MINISTRY OF POWER,2007-08,4541.91,1010.28,5552.19
MINISTRY OF POWER,2009-10,7313,1889,9202
MINISTRY OF POWER,2010-11,6046.03,4428.84,10474.87
MINISTRY OF POWER,2011-12,0,16421.84,0
MINISTRY OF POWER,2012-13,15571.63,3589.48,-122.89
MINISTRY OF POWER,2013-14,7769.02,2304.05,10073.07
MINISTRY OF POWER,2014-15,0,17212.5,0
MINISTRY OF POWER,2015-16,5766.63,959.3,6725.93
MINISTRY OF POWER,2016-17,0,20910.78,0.1
MINISTRY OF POWER,2017-18,10295.46,3585.68,13881.14
MINISTRY OF POWER,2018-19,12835.47,2211.45,15046.92
MINISTRY OF POWER,2019-20,13292.97,2581.85,15874.82
MINISTRY OF RAILWAYS,2000-01,0,3291,3291
MINISTRY OF RAILWAYS,2001-02,0,3540,3540
MINISTRY OF RAILWAYS,2002-03,0,0,5390
MINISTRY OF RAILWAYS,2003-04,0,5644.34,5644.34
MINISTRY OF RAILWAYS,2004-05,0,6919,6919
MINISTRY OF RAILWAYS,2005-06,0,6520,6520
MINISTRY OF RAILWAYS,2006-07,0,6800.14,6800.14
MINISTRY OF RAILWAYS,2007-08,0,6886.31,6886.31
MINISTRY OF RAILWAYS,2009-10,0,14600,14600
MINISTRY OF RAILWAYS,2010-11,0,15875,15875
MINISTRY OF RAILWAYS,2011-12,0,20000,20000
MINISTRY OF RAILWAYS,2012-13,0,24000,0
MINISTRY OF RAILWAYS,2013-14,0,26000,26000
MINISTRY OF RAILWAYS,2014-15,0,30100,30100
MINISTRY OF RAILWAYS,2015-16,0,40000,40000
MINISTRY OF RAILWAYS,2016-17,0,45000,45000
MINISTRY OF RAILWAYS,2017-18,0,55000,55000
MINISTRY OF RAILWAYS,2018-19,2028,53060,55088
MINISTRY OF RAILWAYS,2019-20,2181.67,64587,66768.67
MINISTRY OF ROAD TRANSPORT AND HIGHWAYS,2001-02,4621.04,3149.54,7770.58
MINISTRY OF ROAD TRANSPORT AND HIGHWAYS,2002-03,4693.62,3990.52,8684.14
MINISTRY OF ROAD TRANSPORT AND HIGHWAYS,2003-04,4599.33,5828.39,8936.09
MINISTRY OF ROAD TRANSPORT AND HIGHWAYS,2004-05,4410.65,6752.4,9637
MINISTRY OF ROAD TRANSPORT AND HIGHWAYS,2005-06,7333.89,9655.15,14910.28
MINISTRY OF ROAD TRANSPORT AND HIGHWAYS,2006-07,10946.55,5597.43,16543.98
MINISTRY OF ROAD TRANSPORT AND HIGHWAYS,2007-08,11265.77,6481.43,17747.2
MINISTRY OF ROAD TRANSPORT AND HIGHWAYS,2009-10,14596,7039.06,21635.06
MINISTRY OF ROAD TRANSPORT AND HIGHWAYS,2010-11,13985.87,10092.78,24078.65
MINISTRY OF ROAD TRANSPORT AND HIGHWAYS,2011-12,0,0,0
MINISTRY OF ROAD TRANSPORT AND HIGHWAYS,2012-13,41937.02,0,2142.21
MINISTRY OF ROAD TRANSPORT AND HIGHWAYS,2013-14,13969.94,17332.2,31302.14
MINISTRY OF ROAD TRANSPORT AND HIGHWAYS,2014-15,41975.63,0,1942.09
MINISTRY OF ROAD TRANSPORT AND HIGHWAYS,2015-16,12703,33048.65,45751.65
MINISTRY OF ROAD TRANSPORT AND HIGHWAYS,2016-17,0,92547,0
MINISTRY OF ROAD TRANSPORT AND HIGHWAYS,2017-18,10723.17,54176.83,64900
MINISTRY OF ROAD TRANSPORT AND HIGHWAYS,2018-19,11559.75,59440.25,71000
MINISTRY OF ROAD TRANSPORT AND HIGHWAYS,2019-20,10990.97,72025,83015.97
MINISTRY OF RURAL DEVELOPMENT,2000-01,9681.18,100,9781.18
MINISTRY OF RURAL DEVELOPMENT,2001-02,12186.83,100,12286.83
MINISTRY OF RURAL DEVELOPMENT,2002-03,13644.55,50,13694.55
MINISTRY OF RURAL DEVELOPMENT,2003-04,14084.32,34.32,14094.32
MINISTRY OF RURAL DEVELOPMENT,2004-05,16016.83,28.43,16021.83
MINISTRY OF RURAL DEVELOPMENT,2005-06,24499.94,29.52,24504.73
MINISTRY OF RURAL DEVELOPMENT,2006-07,31470.96,0,31470.96
MINISTRY OF RURAL DEVELOPMENT,2007-08,36588.38,0,36588.38
MINISTRY OF RURAL DEVELOPMENT,2009-10,74314.18,1.25,74315.43
MINISTRY OF RURAL DEVELOPMENT,2010-11,79379.62,7.82,79387.44
MINISTRY OF RURAL DEVELOPMENT,2011-12,0,0,0
MINISTRY OF RURAL DEVELOPMENT,2012-13,152752,0,0
MINISTRY OF RURAL DEVELOPMENT,2013-14,80250.5,0,80250.5
MINISTRY OF RURAL DEVELOPMENT,2014-15,167586,0,0
MINISTRY OF RURAL DEVELOPMENT,2015-16,73332.58,0,73332.58
MINISTRY OF RURAL DEVELOPMENT,2016-17,0,87765.16,65.16
MINISTRY OF RURAL DEVELOPMENT,2017-18,107752.99,5.25,107758.24
MINISTRY OF RURAL DEVELOPMENT,2018-19,114910.07,5.25,114915.32
MINISTRY OF RURAL DEVELOPMENT,2019-20,119774.43,100,119874.43
MINISTRY OF SCIENCE AND TECHNOLOGY,2000-01,1860.1,26.17,1886.27
MINISTRY OF SCIENCE AND TECHNOLOGY,2001-02,1926.55,47.23,1973.78
MINISTRY OF SCIENCE AND TECHNOLOGY,2002-03,2233.01,57.75,2290.76
MINISTRY OF SCIENCE AND TECHNOLOGY,2003-04,2527.68,1071.88,2585.88
MINISTRY OF SCIENCE AND TECHNOLOGY,2004-05,2831.59,1128.99,2906.39
MINISTRY OF SCIENCE AND TECHNOLOGY,2005-06,3478.58,1290.92,3651.6
MINISTRY OF SCIENCE AND TECHNOLOGY,2006-07,3876.9,153.7,4030.6
MINISTRY OF SCIENCE AND TECHNOLOGY,2007-08,4297.7,74,4371.7
MINISTRY OF SCIENCE AND TECHNOLOGY,2009-10,5768.4,79.6,5848
MINISTRY OF SCIENCE AND TECHNOLOGY,2010-11,6535.6,43.4,6579
MINISTRY OF SCIENCE AND TECHNOLOGY,2011-12,0,0,0
MINISTRY OF SCIENCE AND TECHNOLOGY,2012-13,11902.33,0,1.2
MINISTRY OF SCIENCE AND TECHNOLOGY,2013-14,8224.48,32.85,8257.33
MINISTRY OF SCIENCE AND TECHNOLOGY,2014-15,13398.82,0,5.9
MINISTRY OF SCIENCE AND TECHNOLOGY,2015-16,9467.02,24.82,9491.84
MINISTRY OF SCIENCE AND TECHNOLOGY,2016-17,0,10331.98,2253
MINISTRY OF SCIENCE AND TECHNOLOGY,2017-18,11463.04,22.34,11485.38
MINISTRY OF SCIENCE AND TECHNOLOGY,2018-19,12245.78,76.5,12322.28
MINISTRY OF SCIENCE AND TECHNOLOGY,2019-20,12697.59,99.65,12797.24
MINISTRY OF SHIPPING,2001-02,549.2,290.65,839.85
MINISTRY OF SHIPPING,2002-03,334.58,321.41,655.99
MINISTRY OF SHIPPING,2003-04,454.1,676.8,766.55
MINISTRY OF SHIPPING,2004-05,490.55,624.13,781.18
MINISTRY OF SHIPPING,2009-10,1302.43,453.1,1755.53
MINISTRY OF SHIPPING,2010-11,1494.41,441.48,1935.89
MINISTRY OF SHIPPING,2011-12,0,0,0
MINISTRY OF SHIPPING,2012-13,1078.05,0,-79.87
MINISTRY OF SHIPPING,2013-14,1172.28,540.39,1712.67
MINISTRY OF SHIPPING,2014-15,1299.62,0,-108.3
MINISTRY OF SHIPPING,2015-16,1143.71,296.08,1439.79
MINISTRY OF SHIPPING,2016-17,0,1229.15,531
MINISTRY OF SHIPPING,2017-18,1388.84,384.16,1773
MINISTRY OF SHIPPING,2018-19,1519.47,361.66,1881.13
MINISTRY OF SHIPPING,2019-20,1635.99,266.57,1902.56
MINISTRY OF SKILL DEVELOPMENT AND ENTREPRENUERSHIP,2015-16,1543.46,0,1543.46
MINISTRY OF SKILL DEVELOPMENT AND ENTREPRENUERSHIP,2016-17,0,1770.55,104.28
MINISTRY OF SKILL DEVELOPMENT AND ENTREPRENUERSHIP,2017-18,2766.11,250.03,3016.14
MINISTRY OF SKILL DEVELOPMENT AND ENTREPRENUERSHIP,2018-19,3141,259,3400
MINISTRY OF SKILL DEVELOPMENT AND ENTREPRENUERSHIP,2019-20,2926.11,63.1,2989.21
MINISTRY OF SMALL SCALE INDUSTRIES AND AGRO AND RURAL INDUSTRIES,2000-01,863.24,43.89,907.13
MINISTRY OF SMALL SCALE INDUSTRIES AND AGRO AND RURAL INDUSTRIES,2001-02,917.21,23.13,940.34
MINISTRY OF SOCIAL JUSTICE AND EMPOWERMENT,2000-01,1220.03,187.36,1407.39
MINISTRY OF SOCIAL JUSTICE AND EMPOWERMENT,2001-02,1305.09,100.17,1405.26
MINISTRY OF SOCIAL JUSTICE AND EMPOWERMENT,2002-03,1355.53,113.35,1468.88
MINISTRY OF SOCIAL JUSTICE AND EMPOWERMENT,2003-04,1342.06,187.06,1469.56
MINISTRY OF SOCIAL JUSTICE AND EMPOWERMENT,2004-05,1377.26,244.76,1557.01
MINISTRY OF SOCIAL JUSTICE AND EMPOWERMENT,2005-06,1481.6,184.1,1599.7
MINISTRY OF SOCIAL JUSTICE AND EMPOWERMENT,2006-07,1615.31,202.29,1817.6
MINISTRY OF SOCIAL JUSTICE AND EMPOWERMENT,2007-08,1934.15,125,2059.15
MINISTRY OF SOCIAL JUSTICE AND EMPOWERMENT,2009-10,2446,139,2585
MINISTRY OF SOCIAL JUSTICE AND EMPOWERMENT,2010-11,4374,200,4574
MINISTRY OF SOCIAL JUSTICE AND EMPOWERMENT,2011-12,0,0,0
MINISTRY OF SOCIAL JUSTICE AND EMPOWERMENT,2012-13,11530,0,0
MINISTRY OF SOCIAL JUSTICE AND EMPOWERMENT,2013-14,6420.32,305,6725.32
MINISTRY OF SOCIAL JUSTICE AND EMPOWERMENT,2014-15,12961,0,0
MINISTRY OF SOCIAL JUSTICE AND EMPOWERMENT,2015-16,6664.52,497.24,7161.76
MINISTRY OF SOCIAL JUSTICE AND EMPOWERMENT,2016-17,0,6980.51,149.51
MINISTRY OF SOCIAL JUSTICE AND EMPOWERMENT,2017-18,7412.04,350.96,7763
MINISTRY OF SOCIAL JUSTICE AND EMPOWERMENT,2018-19,8374.12,445.88,8820
MINISTRY OF SOCIAL JUSTICE AND EMPOWERMENT,2019-20,8628.68,316.22,8944.9
MINISTRY OF STATISTICS AND PROGRAMME IMPLEMENTATION,2000-01,1802.1,66.95,1869.05
MINISTRY OF STATISTICS AND PROGRAMME IMPLEMENTATION,2001-02,1817.07,66.59,1883.66
MINISTRY OF STATISTICS AND PROGRAMME IMPLEMENTATION,2002-03,1828.33,28.84,1857.17
MINISTRY OF STATISTICS AND PROGRAMME IMPLEMENTATION,2003-04,1769.2,170.68,1794.33
MINISTRY OF STATISTICS AND PROGRAMME IMPLEMENTATION,2004-05,1834.87,161.22,1855.71
MINISTRY OF STATISTICS AND PROGRAMME IMPLEMENTATION,2005-06,1817.76,169.52,1839.99
MINISTRY OF STATISTICS AND PROGRAMME IMPLEMENTATION,2006-07,1788.65,27.92,1816.57
MINISTRY OF STATISTICS AND PROGRAMME IMPLEMENTATION,2007-08,1834.92,18.62,1853.54
MINISTRY OF STATISTICS AND PROGRAMME IMPLEMENTATION,2009-10,2104.72,10.55,2115.27
MINISTRY OF STATISTICS AND PROGRAMME IMPLEMENTATION,2010-11,2138.66,9.69,2148.35
MINISTRY OF STATISTICS AND PROGRAMME IMPLEMENTATION,2011-12,0,0,0
MINISTRY OF STATISTICS AND PROGRAMME IMPLEMENTATION,2012-13,9154.8,0,0
MINISTRY OF STATISTICS AND PROGRAMME IMPLEMENTATION,2013-14,4935.53,16.15,4951.68
MINISTRY OF STATISTICS AND PROGRAMME IMPLEMENTATION,2014-15,8937.9,0,0
MINISTRY OF STATISTICS AND PROGRAMME IMPLEMENTATION,2015-16,4816.72,10.15,4826.87
MINISTRY OF STATISTICS AND PROGRAMME IMPLEMENTATION,2016-17,0,4724.83,552.83
MINISTRY OF STATISTICS AND PROGRAMME IMPLEMENTATION,2017-18,4767.49,28.25,4795.74
MINISTRY OF STATISTICS AND PROGRAMME IMPLEMENTATION,2018-19,4844,15,4859
MINISTRY OF STATISTICS AND PROGRAMME IMPLEMENTATION,2019-20,5216.33,14.73,5231.06
MINISTRY OF STEEL,2000-01,46.23,17.5,63.73
MINISTRY OF STEEL,2001-02,72.41,16,88.41
MINISTRY OF STEEL,2002-03,68.19,14,82.19
MINISTRY OF STEEL,2003-04,68.31,81.31,81.31
MINISTRY OF STEEL,2004-05,91.65,180.54,180.54
MINISTRY OF STEEL,2005-06,72.53,89.53,89.53
MINISTRY OF STEEL,2006-07,84.5,45,129.5
MINISTRY OF STEEL,2007-08,85.5,65,150.5
MINISTRY OF STEEL,2009-10,107.36,8,115.36
MINISTRY OF STEEL,2010-11,106.62,1,107.62
MINISTRY OF STEEL,2011-12,0,0,0
MINISTRY OF STEEL,2012-13,92,0,0
MINISTRY OF STEEL,2013-14,112.87,0,112.87
MINISTRY OF STEEL,2014-15,40,0,0
MINISTRY OF STEEL,2015-16,82.95,0,82.95
MINISTRY OF STEEL,2016-17,0,85.62,70.62
MINISTRY OF STEEL,2017-18,44.14,0,44.14
MINISTRY OF STEEL,2018-19,47.9,0,47.9
MINISTRY OF STEEL,2019-20,241.29,0,241.29
MINISTRY OF SURFACE TRANSPORT,2000-01,2772.84,5249.23,8022.07
MINISTRY OF TEXTILES,2000-01,615.56,595.74,1211.3
MINISTRY OF TEXTILES,2001-02,799.35,510.95,1310.3
MINISTRY OF TEXTILES,2002-03,985.32,600.18,1585.5
MINISTRY OF TEXTILES,2003-04,1218.4,964.68,1707.84
MINISTRY OF TEXTILES,2004-05,1324.93,913.34,1780.31
MINISTRY OF TEXTILES,2005-06,1537.92,868.23,2008.25
MINISTRY OF TEXTILES,2006-07,2033.58,1012.17,3045.75
MINISTRY OF TEXTILES,2007-08,2811.2,325.48,3136.68
MINISTRY OF TEXTILES,2009-10,5214,184,5398
MINISTRY OF TEXTILES,2010-11,5478.94,129.14,5608.08
MINISTRY OF TEXTILES,2011-12,0,0,0
MINISTRY OF TEXTILES,2012-13,13977.73,0,38.51
MINISTRY OF TEXTILES,2013-14,5423.92,7.67,5431.59
MINISTRY OF TEXTILES,2014-15,9652,0,139.73
MINISTRY OF TEXTILES,2015-16,4136.1,138.7,4274.8
MINISTRY OF TEXTILES,2016-17,0,4574.3,1244.82
MINISTRY OF TEXTILES,2017-18,6190.98,35.52,6226.5
MINISTRY OF TEXTILES,2018-19,7109.84,37.89,7147.73
MINISTRY OF TEXTILES,2019-20,5800.57,30.91,5831.48
MINISTRY OF TOURISM AND CULTURE,2000-01,153.19,8.85,162.04
MINISTRY OF TOURISM AND CULTURE,2001-02,566.05,45.89,611.94
MINISTRY OF TOURISM AND CULTURE,2002-03,631.16,112.5,743.66
MINISTRY OF TOURISM AND CULTURE,2003-04,704.52,565.32,910.02
MINISTRY OF TOURISM AND CULTURE,2004-05,894.57,714.07,1254.57
MINISTRY OF TOURISM AND CULTURE,2005-06,1142.42,903.9,1693.47
MINISTRY OF TOURISM AND CULTURE,2006-07,1149.32,543.5,1692.82
MINISTRY OF TOURISM AND CULTURE,2007-08,1273.23,656,1929.23
MINISTRY OF TOURISM AND CULTURE,2009-10,2303.9,42.1,2346
MINISTRY OF TOURISM AND CULTURE,2010-11,2303.41,54,2357.41
MINISTRY OF TOURISM AND CULTURE,2011-12,1298,40,1338
MINISTRY OF TOURISM AND CULTURE,2012-13,3826,38,1447
MINISTRY OF TOURISM AND CULTURE,2013-14,3378.3,41,3419.3
MINISTRY OF TOURISM AND CULTURE,2014-15,6205.5,68,2511
MINISTRY OF TOURISM AND CULTURE,2015-16,3659.52,82.55,3742.07
MINISTRY OF TOURISM AND CULTURE,2016-17,2430,1659.27,2590.32
MINISTRY OF TOURISM AND CULTURE,2017-18,4501.48,77.76,4579.24
MINISTRY OF TOURISM AND CULTURE,2018-19,4914.27,79.05,4993.32
MINISTRY OF TOURISM AND CULTURE,2019-20,5063.52,168.05,5231.57
MINISTRY OF TRIBAL AFFAIRS,2000-01,808.97,3.6,812.57
MINISTRY OF TRIBAL AFFAIRS,2001-02,1014.66,30,1044.66
MINISTRY OF TRIBAL AFFAIRS,2002-03,1064.37,32.01,1096.38
MINISTRY OF TRIBAL AFFAIRS,2003-04,1056.44,51.96,1097.7
MINISTRY OF TRIBAL AFFAIRS,2004-05,1108.75,63.27,1159.01
MINISTRY OF TRIBAL AFFAIRS,2005-06,1473.73,46.93,1509.74
MINISTRY OF TRIBAL AFFAIRS,2006-07,1653.45,14.01,1667.46
MINISTRY OF TRIBAL AFFAIRS,2007-08,1697.02,35.02,1732.04
MINISTRY OF TRIBAL AFFAIRS,2009-10,3170.11,50,3220.11
MINISTRY OF TRIBAL AFFAIRS,2010-11,3150.37,70,3220.37
MINISTRY OF TRIBAL AFFAIRS,2011-12,0,0,0
MINISTRY OF TRIBAL AFFAIRS,2012-13,8110,0,0
MINISTRY OF TRIBAL AFFAIRS,2013-14,4225.94,70,4295.94
MINISTRY OF TRIBAL AFFAIRS,2014-15,8888,0,0
MINISTRY OF TRIBAL AFFAIRS,2015-16,4749.21,70,4819.21
MINISTRY OF TRIBAL AFFAIRS,2016-17,0,4756.5,26.5
MINISTRY OF TRIBAL AFFAIRS,2017-18,5269.32,60,5329.32
MINISTRY OF TRIBAL AFFAIRS,2018-19,5935,65,6000
MINISTRY OF TRIBAL AFFAIRS,2019-20,6446.96,80,6526.96
"MINISTRY OF WATER RESOURCES, RIVER DEVELOPMENT AND GANGA REJUVENATION",2000-01,612.67,69.25,681.92
"MINISTRY OF WATER RESOURCES, RIVER DEVELOPMENT AND GANGA REJUVENATION",2001-02,678.63,49.74,728.37
"MINISTRY OF WATER RESOURCES, RIVER DEVELOPMENT AND GANGA REJUVENATION",2002-03,722.05,54.7,776.75
"MINISTRY OF WATER RESOURCES, RIVER DEVELOPMENT AND GANGA REJUVENATION",2003-04,709.29,258.29,768.79
"MINISTRY OF WATER RESOURCES, RIVER DEVELOPMENT AND GANGA REJUVENATION",2004-05,769.45,59.78,829.23
"MINISTRY OF WATER RESOURCES, RIVER DEVELOPMENT AND GANGA REJUVENATION",2005-06,811.82,298.7,874.56
"MINISTRY OF WATER RESOURCES, RIVER DEVELOPMENT AND GANGA REJUVENATION",2006-07,901.02,60.49,961.51
"MINISTRY OF WATER RESOURCES, RIVER DEVELOPMENT AND GANGA REJUVENATION",2007-08,827.96,43.8,871.76
"MINISTRY OF WATER RESOURCES, RIVER DEVELOPMENT AND GANGA REJUVENATION",2009-10,916.69,86.31,1003
"MINISTRY OF WATER RESOURCES, RIVER DEVELOPMENT AND GANGA REJUVENATION",2010-11,995.7,109.3,1105
"MINISTRY OF WATER RESOURCES, RIVER DEVELOPMENT AND GANGA REJUVENATION",2011-12,0,97.6,1222.73
"MINISTRY OF WATER RESOURCES, RIVER DEVELOPMENT AND GANGA REJUVENATION",2012-13,0,2873.2,1.8
"MINISTRY OF WATER RESOURCES, RIVER DEVELOPMENT AND GANGA REJUVENATION",2013-14,1877.3,199.25,2076.55
"MINISTRY OF WATER RESOURCES, RIVER DEVELOPMENT AND GANGA REJUVENATION",2014-15,0,231.33,13836.64
"MINISTRY OF WATER RESOURCES, RIVER DEVELOPMENT AND GANGA REJUVENATION",2015-16,4094.71,137.72,4232.43
"MINISTRY OF WATER RESOURCES, RIVER DEVELOPMENT AND GANGA REJUVENATION",2016-17,0,5812.6,701.21
"MINISTRY OF WATER RESOURCES, RIVER DEVELOPMENT AND GANGA REJUVENATION",2017-18,6102.51,784.49,6887
"MINISTRY OF WATER RESOURCES, RIVER DEVELOPMENT AND GANGA REJUVENATION",2018-19,8152.14,707.86,8860
"MINISTRY OF WATER RESOURCES, RIVER DEVELOPMENT AND GANGA REJUVENATION",2019-20,7642.35,398.9,8041.25
MINISTRY OF WOMEN AND CHILD DEVELOPMENT,2007-08,5853,0,5853
MINISTRY OF WOMEN AND CHILD DEVELOPMENT,2009-10,7428,0,7428
MINISTRY OF WOMEN AND CHILD DEVELOPMENT,2010-11,11070.5,0,11070.5
MINISTRY OF WOMEN AND CHILD DEVELOPMENT,2011-12,0,0,12733
MINISTRY OF WOMEN AND CHILD DEVELOPMENT,2012-13,0,37000,0
MINISTRY OF WOMEN AND CHILD DEVELOPMENT,2013-14,20440,0,20440
MINISTRY OF WOMEN AND CHILD DEVELOPMENT,2014-15,0,0,21193.88
MINISTRY OF WOMEN AND CHILD DEVELOPMENT,2015-16,10382.4,0,10382.4
MINISTRY OF WOMEN AND CHILD DEVELOPMENT,2016-17,0,30,17408.12
MINISTRY OF WOMEN AND CHILD DEVELOPMENT,2017-18,22056.02,38.65,22094.67
MINISTRY OF WOMEN AND CHILD DEVELOPMENT,2018-19,24699.99,0.01,24700
MINISTRY OF WOMEN AND CHILD DEVELOPMENT,2019-20,29164.89,0.01,29164.9
MINISTRY OF YOUTH AFFAIRS AND SPORTS,2001-02,313.17,1.83,315
MINISTRY OF YOUTH AFFAIRS AND SPORTS,2002-03,331.13,8.26,339.39
MINISTRY OF YOUTH AFFAIRS AND SPORTS,2003-04,431.04,64.53,440.3
MINISTRY OF YOUTH AFFAIRS AND SPORTS,2004-05,451.76,14.24,466
MINISTRY OF YOUTH AFFAIRS AND SPORTS,2005-06,498.85,76.11,506.99
MINISTRY OF YOUTH AFFAIRS AND SPORTS,2006-07,662.47,6.53,669
MINISTRY OF YOUTH AFFAIRS AND SPORTS,2007-08,753.21,26.79,780
MINISTRY OF YOUTH AFFAIRS AND SPORTS,2009-10,2579.3,493.7,3073
MINISTRY OF YOUTH AFFAIRS AND SPORTS,2010-11,2355.43,1209.57,3565
MINISTRY OF YOUTH AFFAIRS AND SPORTS,2011-12,0,4.02,1121
MINISTRY OF YOUTH AFFAIRS AND SPORTS,2012-13,0,2080.7,0
MINISTRY OF YOUTH AFFAIRS AND SPORTS,2013-14,1218.1,0.9,1219
MINISTRY OF YOUTH AFFAIRS AND SPORTS,2014-15,0,0.9,1769
MINISTRY OF YOUTH AFFAIRS AND SPORTS,2015-16,1540.23,0.9,1541.13
MINISTRY OF YOUTH AFFAIRS AND SPORTS,2016-17,0,50,1592
MINISTRY OF YOUTH AFFAIRS AND SPORTS,2017-18,1888.46,54.75,1943.21
MINISTRY OF YOUTH AFFAIRS AND SPORTS,2018-19,2138.31,58.04,2196.35
MINISTRY OF YOUTH AFFAIRS AND SPORTS,2019-20,2181.9,35.02,2216.92
THE UNION PUBLIC SERVICE COMMISSION AND OTHERS,2000-01,228.16,0,228.16
THE UNION PUBLIC SERVICE COMMISSION AND OTHERS,2001-02,250.83,0,250.83
THE UNION PUBLIC SERVICE COMMISSION AND OTHERS,2002-03,311.88,0,311.88
THE UNION PUBLIC SERVICE COMMISSION AND OTHERS,2003-04,329.92,329.92,329.92
THE UNION PUBLIC SERVICE COMMISSION AND OTHERS,2004-05,363.5,363.5,363.5
THE UNION PUBLIC SERVICE COMMISSION AND OTHERS,2005-06,378.74,378.74,378.74
THE UNION PUBLIC SERVICE COMMISSION AND OTHERS,2006-07,430.07,0,430.07
THE UNION PUBLIC SERVICE COMMISSION AND OTHERS,2007-08,475.37,0,475.37
THE UNION PUBLIC SERVICE COMMISSION AND OTHERS,2009-10,686.06,0,686.06
THE UNION PUBLIC SERVICE COMMISSION AND OTHERS,2010-11,670.17,0,670.17
THE UNION PUBLIC SERVICE COMMISSION AND OTHERS,2011-12,0,0,0
THE UNION PUBLIC SERVICE COMMISSION AND OTHERS,2012-13,0,0,0
THE UNION PUBLIC SERVICE COMMISSION AND OTHERS,2013-14,1033.53,0,1033.53
THE UNION PUBLIC SERVICE COMMISSION AND OTHERS,2014-15,0,0,0
THE UNION PUBLIC SERVICE COMMISSION AND OTHERS,2015-16,1186.04,0,1186.04
THE UNION PUBLIC SERVICE COMMISSION AND OTHERS,2016-17,0,0,0
THE UNION PUBLIC SERVICE COMMISSION AND OTHERS,2017-18,1352.15,0,1352.15
THE UNION PUBLIC SERVICE COMMISSION AND OTHERS,2018-19,1526.14,0,1526.14
THE UNION PUBLIC SERVICE COMMISSION AND OTHERS,2019-20,1579.38,0,1579.38
UNION TERRITORIES (WITHOUT LEGISLATURE),2000-01,1388.17,331.46,1719.63
UNION TERRITORIES (WITHOUT LEGISLATURE),2001-02,1531.5,370.34,1901.84
UNION TERRITORIES (WITHOUT LEGISLATURE),2002-03,1748.32,331.72,2080.04
UNION TERRITORIES (WITHOUT LEGISLATURE),2003-04,1953.31,1924.82,2287.75
UNION TERRITORIES (WITHOUT LEGISLATURE),2004-05,2035.17,1968.19,2344.43
UNION TERRITORIES (WITHOUT LEGISLATURE),2005-06,2780.75,2673.37,3131.91
UNION TERRITORIES (WITHOUT LEGISLATURE),2006-07,2693.82,936.14,3629.96
UNION TERRITORIES (WITHOUT LEGISLATURE),2007-08,2666.81,993.87,3660.68
UNION TERRITORIES (WITHOUT LEGISLATURE),2009-10,4126.2,1486.68,5612.88
UNION TERRITORIES (WITHOUT LEGISLATURE),2010-11,4275.24,965.35,5240.59
UNION TERRITORIES (WITHOUT LEGISLATURE),2011-12,"8,683.09",1458.37,6549.11
UNION TERRITORIES (WITHOUT LEGISLATURE),2012-13,6096.31,0,-167.59
UNION TERRITORIES (WITHOUT LEGISLATURE),2013-14,6902.77,1833.75,8736.52
UNION TERRITORIES (WITHOUT LEGISLATURE),2014-15,7753.49,0,-65.78
UNION TERRITORIES (WITHOUT LEGISLATURE),2015-16,8152.37,1873.88,10026.25
UNION TERRITORIES (WITHOUT LEGISLATURE),2016-17,0,8827.65,5672.66
